ordinal,feature,view,final_decision,reason,v7_runtime_importance,v7_timeout_importance,v8_runtime_importance,v8_timeout_importance,rho_16,rho_64,rho_512,plot,redundant_with
1,active_qubits,primary parser,drop,Near-perfect rank duplicate of log_dense_log2_bytes (|rho|=1.000) with lower fitted importance.,0.0006851314202241377,0.0,0.0,0.0,0.4355580327416004,0.5268198563581933,0.3623527870125266,grouped_curves_01.png,log_dense_log2_bytes
2,barriers,primary parser,drop,Near-perfect rank duplicate of log_barriers (|rho|=1.000) with lower fitted importance.,0.0007782411616937867,0.00010708246991785046,0.0,0.0,-0.29187531790661303,-0.2068426063644817,-0.5095541520488313,grouped_curves_01.png,log_barriers
3,cancel_pairs,primary parser,keep,Retained after categorical encoding and grouped ablation; has nonzero final fitted importance.,0.00232535387085397,1.3487097428372852e-05,0.0025479136019750212,0.00045625784627059267,0.42078175942065976,0.08271512780863231,0.1875070740716015,grouped_curves_01.png,log_cancel_pairs
4,chi_mid_budget,primary parser,drop,Near-perfect rank duplicate of log_chi_mid_budget (|rho|=1.000) with lower fitted importance.,0.0009660345327448306,0.0009321370857311406,0.0,0.0,0.6614185960695139,0.4904668558698079,0.5534611017865552,grouped_curves_01.png,log_chi_mid_budget
5,chi_timeline_mid_auc,primary parser,drop,Near-perfect rank duplicate of log_chi_timeline_mid_auc (|rho|=1.000) with lower fitted importance.,0.0011436598524397095,0.0,0.0,0.0,0.552344146946455,0.474358600359729,0.5791967774658928,grouped_curves_01.png,log_chi_timeline_mid_auc
6,chi_timeline_mid_t50,primary parser,keep,Retained after categorical encoding and grouped ablation; has nonzero final fitted importance.,0.0,0.0008796347391958424,0.000862594491328443,0.0013225197708040134,-0.4058828181544999,-0.3559146068552712,-0.450523035266352,grouped_curves_01.png,
7,chi_timeline_mid_t90,primary parser,keep,Retained after categorical encoding and grouped ablation; has nonzero final fitted importance.,0.0002802749143149285,0.0012082522907179134,0.0009504191283822288,0.001832552592152962,-0.4581812127379767,-0.39422577475995,-0.4838833187787113,grouped_curves_01.png,
8,chi_timeline_peak_auc,primary parser,drop,Near-perfect rank duplicate of log_chi_timeline_peak_auc (|rho|=1.000) with lower fitted importance.,0.0009973534504766684,0.0,0.0,0.0,0.5644286654638613,0.4730572391584806,0.5720738583913147,grouped_curves_01.png,log_chi_timeline_peak_auc
9,chi_timeline_post_mid_sat_twoq,primary parser,keep,Retained after categorical encoding and grouped ablation; has nonzero final fitted importance.,0.00027605059193505307,0.0,0.001125560524467991,0.00010858395377822266,0.4233249347645639,0.32517180508435073,0.45806246672135886,grouped_curves_01.png,
10,chi_upper_mean,primary parser,drop,Near-perfect rank duplicate of log_chi_upper_peak (|rho|=0.998) with lower fitted importance.,4.568995085716304e-05,0.0,0.0,0.0,0.5720578934059892,0.46731933827399763,0.5652367040011783,grouped_curves_01.png,log_chi_upper_peak
11,chi_upper_mid,primary parser,drop,Near-perfect rank duplicate of log_chi_upper_mid (|rho|=1.000) with lower fitted importance.,4.445346301642656e-05,0.0,0.0,0.0,0.5626222366624234,0.4504856862360961,0.5676053866521356,grouped_curves_01.png,log_chi_upper_mid
12,chi_upper_peak,primary parser,drop,Near-perfect rank duplicate of log_chi_upper_peak (|rho|=1.000) with lower fitted importance.,0.00047295350723126683,0.0,0.0,0.0,0.5770097054450583,0.4613621690306425,0.5674865648972995,grouped_curves_01.png,log_chi_upper_peak
13,clifford,primary parser,keep,Retained after categorical encoding and grouped ablation; has nonzero final fitted importance.,0.002429572409463342,0.001262228940099992,0.0027785740282316924,0.0017879994636485891,0.6595351223628775,0.6765913471031355,0.7035602130729096,grouped_curves_01.png,log_clifford
14,component_dense_over_128gb,primary parser,keep,Retained after categorical encoding and grouped ablation; has nonzero final fitted importance.,0.001972323581829114,0.0,0.00313704063836775,0.0,0.44828087898756563,0.5267371884914251,0.5635292417127252,grouped_curves_01.png,
15,conditional,primary parser,drop,Near-perfect rank duplicate of log_conditional (|rho|=1.000) with lower fitted importance.,0.001691713680914282,0.0,0.0,0.0,0.14790810066003277,0.07945567209055672,-0.06856486363275946,grouped_curves_01.png,log_conditional
16,dense_log2_bytes,primary parser,drop,Near-perfect rank duplicate of log_dense_log2_bytes (|rho|=1.000) with lower fitted importance.,0.0008452831109254819,0.0,0.0,0.0,0.4351147694622842,0.5262450765553853,0.3623527870125266,grouped_curves_01.png,log_dense_log2_bytes
17,dense_over_128gb,primary parser,keep,Retained after categorical encoding and grouped ablation; has nonzero final fitted importance.,0.005155930350200032,0.0,0.006336926598474818,0.0,0.45870105652035775,0.5835234781765922,0.5214125588219838,grouped_curves_02.png,log_dense_over_128gb
18,depth,primary parser,drop,Near-perfect rank duplicate of log_depth (|rho|=1.000) with lower fitted importance.,0.0006939171552085993,0.0,0.0,0.0,0.5968235331808641,0.49706430271624896,0.5720184483713228,grouped_curves_02.png,log_depth
19,depth_per_qubit,primary parser,keep,Retained after categorical encoding and grouped ablation; has nonzero final fitted importance.,0.00018595755037313614,0.0,0.000886259922897718,1.3461650256590647e-05,0.405326968967257,0.22595564022362682,0.328579110261462,grouped_curves_02.png,
20,diagonal,primary parser,drop,Near-perfect rank duplicate of log_diagonal (|rho|=1.000) with lower fitted importance.,0.0011014921922610334,2.5447172319661034e-08,0.0,0.0,0.7541238921693012,0.5881675053079948,0.7213366952507911,grouped_curves_02.png,log_diagonal
21,diagonal_run_frac,primary parser,keep,Retained after categorical encoding and grouped ablation; has nonzero final fitted importance.,0.003949276290269479,0.0013640561987148412,0.004002955237127449,0.002833930847599182,0.034630192213939995,-0.20062231200149427,-0.015011863038594489,grouped_curves_02.png,log_diagonal_run_frac
22,diagonal_run_max,primary parser,keep,Retained after categorical encoding and grouped ablation; has nonzero final fitted importance.,0.002198289099387374,0.0,0.001823927439925624,0.0002869409362093501,0.5354100196981331,0.30113472153225296,0.5588999171326717,grouped_curves_02.png,log_diagonal_run_max
23,effective_ops,primary parser,keep,Retained after categorical encoding and grouped ablation; has nonzero final fitted importance.,0.0021511276376486275,0.0016299433793283977,0.0024364459777096057,0.003765890217396327,0.7236826860869983,0.7074533023665391,0.7898295448770793,grouped_curves_02.png,log_effective_ops
24,fingerprint_arithmetic,primary parser,drop,Near-perfect rank duplicate of log_fingerprint_arithmetic (|rho|=1.000) with lower fitted importance.,0.0012432419953691918,8.03118524387358e-05,0.0,0.0,-0.16912696469352656,-0.16316739410534772,-0.27762934407608797,grouped_curves_02.png,log_fingerprint_arithmetic
25,fingerprint_ghz,primary parser,drop,Near-perfect rank duplicate of log_fingerprint_ghz (|rho|=1.000) with lower fitted importance.,0.0001640709296977836,0.0,0.0,0.0,0.07840233441346504,-0.15836777531944188,-0.16842489080113593,grouped_curves_02.png,log_fingerprint_ghz
26,fingerprint_grover,primary parser,keep,Retained after categorical encoding and grouped ablation; has nonzero final fitted importance.,0.0017969389426126898,0.001157913231778608,0.002178388705968352,0.0,-0.07748314285402409,-0.09383516732982362,-0.15312384421478067,grouped_curves_02.png,
27,fingerprint_phase_dyadic,primary parser,keep,Retained after categorical encoding and grouped ablation; has nonzero final fitted importance.,0.0025832369943736898,0.0,0.0025333227566001204,0.0,0.01734140647567098,-0.17839730365738737,-0.23730121434562843,grouped_curves_02.png,log_fingerprint_phase_dyadic
28,fingerprint_qaoa,primary parser,keep,Retained after categorical encoding and grouped ablation; has nonzero final fitted importance.,0.00018584664642188017,0.0,0.0006076535424233468,0.000627936003196183,0.16184525717519543,-0.009895517478994743,-0.0447218347401258,grouped_curves_02.png,
29,fingerprint_qft,primary parser,keep,Retained after categorical encoding and grouped ablation; has nonzero final fitted importance.,0.0036148304067311924,0.0021613151824096902,0.0034205259187217825,0.0021321245660600686,0.029115986202123252,-0.1462619755718816,-0.2132854719009346,grouped_curves_02.png,log_fingerprint_qft
30,fingerprint_random_grid,primary parser,keep,Retained after categorical encoding and grouped ablation; has nonzero final fitted importance.,0.003356509256429732,0.00878785945036761,0.0033282106199245647,0.0051848075620263365,-0.20920584052160215,-0.015597795393936952,0.06882884930160763,grouped_curves_02.png,
31,fingerprint_variational,primary parser,keep,Retained after categorical encoding and grouped ablation; has nonzero final fitted importance.,0.005749647837292151,0.003344558653805836,0.005093514591569374,0.0022123279678191504,0.16830075014726664,0.12601686719448105,0.2347350933958568,grouped_curves_02.png,
32,gate_ccx,primary parser,drop,Near-perfect rank duplicate of log_gate_ccx (|rho|=1.000) with lower fitted importance.,0.0,4.8299326535393425e-18,0.0,0.0,-0.10694099121445612,-0.13020831018974638,-0.24704814269124803,grouped_curves_02.png,log_gate_ccx
33,gate_cp,primary parser,keep,Retained after categorical encoding and grouped ablation; has nonzero final fitted importance.,9.174133674194607e-05,0.0,8.29996132048254e-05,8.051060342504179e-05,0.09146251452307833,-0.06405203500350158,-0.14671652960079304,grouped_curves_03.png,
34,gate_cx,primary parser,keep,Retained after categorical encoding and grouped ablation; has nonzero final fitted importance.,0.002000177527442328,0.0013315864753142986,0.002024892205935565,0.0022264555095449483,0.5842923617540792,0.5975202052116731,0.6524839075141281,grouped_curves_03.png,log_gate_cx
35,gate_h,primary parser,drop,Near-perfect rank duplicate of log_gate_h (|rho|=1.000) with lower fitted importance.,0.001008803678978159,3.9968100226553816e-05,0.0,0.0,0.2981873097667672,-0.008137959693539963,-0.1258770752575675,grouped_curves_03.png,log_gate_h
36,gate_rx,primary parser,drop,Near-perfect rank duplicate of log_gate_rx (|rho|=1.000) with lower fitted importance.,0.0006875075623722216,0.0,0.0,0.0,0.4782678371722821,0.4315418195884627,0.6829318385927101,grouped_curves_03.png,log_gate_rx
37,gate_ry,primary parser,keep,Retained after categorical encoding and grouped ablation; has nonzero final fitted importance.,0.00027992123606575676,0.0,0.0009440584010922036,0.0,0.07815827859548213,0.41720329359185915,0.4769055055877101,grouped_curves_03.png,
38,gate_rz,primary parser,drop,Near-perfect rank duplicate of log_gate_rz (|rho|=1.000) with lower fitted importance.,0.0,0.00010708246991785097,0.0,0.0,0.5423344631551495,0.49147927244110207,0.6920604744399839,grouped_curves_03.png,log_gate_rz
39,gate_rzz,primary parser,drop,Near-perfect rank duplicate of log_gate_rzz (|rho|=1.000) with lower fitted importance.,0.00045864454327284855,0.0,0.0,0.0,0.26620234808886334,0.1687020155086571,0.2809366566599364,grouped_curves_03.png,log_gate_rzz
40,gate_swap,primary parser,drop,Tiny fitted importance and no clear within-setting runtime trend in the grouped curves.,5.6848587771236544e-05,0.0,0.0,0.0,0.06093501743015906,-0.09319448215651835,-0.10206529470421705,grouped_curves_03.png,
41,gate_sx,primary parser,drop,Near-perfect rank duplicate of extended__gate_count__sxdg (|rho|=0.995) with lower fitted importance.,0.00017236451563445751,0.0,0.0,0.0,0.146550048020465,0.43629062383876505,0.526500211802534,grouped_curves_03.png,extended__gate_count__sxdg
42,gate_t,primary parser,drop,Near-perfect rank duplicate of log_gate_t (|rho|=1.000) with lower fitted importance.,0.0,0.0008607144954857605,0.0,0.0,0.0671882676300317,0.024715466442733296,-0.004834558623833394,grouped_curves_03.png,log_gate_t
43,gate_u3,primary parser,drop,Near-perfect rank duplicate of log_gate_u3 (|rho|=1.000) with lower fitted importance.,0.00018905769744322962,0.0,0.0,0.0,0.08540301713027505,0.41688069891223345,0.4866815892378669,grouped_curves_03.png,log_gate_u3
44,gate_x,primary parser,keep,Retained after categorical encoding and grouped ablation; has nonzero final fitted importance.,0.0021665916820748452,0.0028129110981711127,0.001951676291686117,0.007360109479929159,-0.0076387862558188946,-0.12842250775816688,-0.2226357225938414,grouped_curves_03.png,log_gate_x
45,graph_cutwidth_original,primary parser,drop,Near-perfect rank duplicate of log_graph_cutwidth_original (|rho|=1.000) with lower fitted importance.,0.0014599867585767974,0.0,0.0,0.0,0.6864215156246755,0.4406983606831289,0.5565992821973137,grouped_curves_03.png,log_graph_cutwidth_original
46,graph_cutwidth_rcm,primary parser,drop,Near-perfect rank duplicate of log_graph_cutwidth_rcm (|rho|=1.000) with lower fitted importance.,0.0010366987358088283,0.0006810595339608128,0.0,0.0,0.6933670156967331,0.4817268946157579,0.6031706028184703,grouped_curves_03.png,log_graph_cutwidth_rcm
47,graph_degree_entropy,primary parser,keep,Retained after categorical encoding and grouped ablation; has nonzero final fitted importance.,0.005453859032395005,2.68722137511792e-05,0.005793757251020477,4.470219901115082e-05,0.04764111431653123,0.19964565764940387,0.06615415913223077,grouped_curves_03.png,
48,graph_density,primary parser,keep,Retained after categorical encoding and grouped ablation; has nonzero final fitted importance.,0.0011709838838101152,0.0,0.0012917471153235513,0.0,0.09584815480404649,-0.2427371556987801,-0.0740338098996898,grouped_curves_03.png,
49,graph_mean_cut_original,primary parser,drop,Near-perfect rank duplicate of log_graph_mean_cut_original (|rho|=1.000) with lower fitted importance.,0.0008581537343063045,3.5432802581044296e-05,0.0,0.0,0.7260539448448383,0.47301367985677173,0.6382326874118627,grouped_curves_04.png,log_graph_mean_cut_original
50,graph_mean_cut_rcm,primary parser,drop,Near-perfect rank duplicate of log_graph_mean_cut_rcm (|rho|=1.000) with lower fitted importance.,0.00013323202605199506,5.089434429143465e-08,0.0,0.0,0.7073468537067656,0.5051027245725165,0.6414387837852785,grouped_curves_04.png,log_graph_mean_cut_rcm
51,graph_mindegree_width,primary parser,keep,Retained after categorical encoding and grouped ablation; has nonzero final fitted importance.,0.0002813020898549853,0.0,0.0009515145274660472,0.0,0.2879592598195414,0.11670220806510424,0.3910267206977542,grouped_curves_04.png,
52,graph_rcm_gain,primary parser,keep,Retained after categorical encoding and grouped ablation; has nonzero final fitted importance.,0.002556613516357398,8.940439802242715e-05,0.0020157318509391375,0.0003332197445887979,-0.08203351625820315,-0.4242376696651768,-0.4998962827476154,grouped_curves_04.png,
53,graph_span_rcm,primary parser,drop,Near-perfect rank duplicate of log_graph_span_rcm (|rho|=1.000) with lower fitted importance.,0.0,0.0001968898412738833,0.0,0.0,0.5084033686975593,0.28526163225886925,0.4273848932711535,grouped_curves_04.png,log_graph_span_rcm
54,largest_component_frac,primary parser,keep,Retained after categorical encoding and grouped ablation; has nonzero final fitted importance.,0.00011244376735978867,1.3436203084146679e-05,0.0007815052562281025,1.3385308739855787e-05,0.16283737350222102,0.17377235214025696,0.3214925479751116,grouped_curves_04.png,
55,late_new_pair_ratio,primary parser,keep,Retained after categorical encoding and grouped ablation; has nonzero final fitted importance.,0.001344341845476524,0.0017859062424686167,0.001185351893278892,0.002717915899717975,0.010590146469266749,-0.23637827473902073,-0.19726185779246852,grouped_curves_04.png,
56,liveness_mean_span,primary parser,drop,Near-perfect rank duplicate of log_liveness_mean_span (|rho|=1.000) with lower fitted importance.,9.684386779210088e-05,2.677061747991086e-05,0.0,0.0,0.3474043479233121,0.4570166283347004,0.5444919098548326,grouped_curves_04.png,log_liveness_mean_span
57,liveness_mean_window,primary parser,keep,Retained after categorical encoding and grouped ablation; has nonzero final fitted importance.,0.004216806593031107,0.0,0.005119484995543006,0.0,0.5015845121019475,0.6307365307073151,0.5229059008842037,grouped_curves_04.png,log_liveness_mean_window
58,liveness_peak_window,primary parser,drop,Near-perfect rank duplicate of log_liveness_peak_window (|rho|=1.000) with lower fitted importance.,0.0010890121409384676,0.0,0.0,0.0,0.4805583482841502,0.5197822703390814,0.3930676310918379,grouped_curves_04.png,log_liveness_peak_window
59,max_degree,primary parser,drop,Near-perfect rank duplicate of log_max_degree (|rho|=1.000) with lower fitted importance.,0.0,5.0894344424700106e-08,0.0,0.0,0.27952950847079805,0.013208572209195774,-0.029700069834351674,grouped_curves_04.png,log_max_degree
60,mean_degree,primary parser,drop,Near-perfect rank duplicate of log_mean_degree (|rho|=1.000) with lower fitted importance.,0.0,8.961290620281393e-06,0.0,0.0,0.446735468771123,0.18448662001945432,0.2727571619479757,grouped_curves_04.png,log_mean_degree
61,measurement_early_frac,primary parser,keep,Retained after categorical encoding and grouped ablation; has nonzero final fitted importance.,0.0024801359767456675,0.0,0.00285935853216482,0.0,-0.06012362286202713,0.009725460339051514,-0.1635434343267427,grouped_curves_04.png,log_measurement_early_frac
62,measurements,primary parser,drop,Near-perfect rank duplicate of log_measurements (|rho|=1.000) with lower fitted importance.,0.0019498383592234006,0.0,0.0,0.0,-0.275499611205267,-0.18544801241344444,-0.5144553129130451,grouped_curves_04.png,log_measurements
63,multi_q,primary parser,drop,Near-perfect rank duplicate of log_multi_q (|rho|=1.000) with lower fitted importance.,0.0,0.00047112982322804214,0.0,0.0,-0.13696857197627524,-0.13142450569439248,-0.24826447320398382,grouped_curves_04.png,log_multi_q
64,n_qubits,primary parser,drop,Near-perfect rank duplicate of log_dense_log2_bytes (|rho|=1.000) with lower fitted importance.,0.0008183321834156175,0.0,0.0,0.0,0.4351147694622842,0.5262450765553853,0.3623527870125266,grouped_curves_04.png,log_dense_log2_bytes
65,nonclifford,primary parser,drop,Near-perfect rank duplicate of log_nonclifford (|rho|=1.000) with lower fitted importance.,0.0019155781334233711,0.0,0.0,0.0,0.7255073602922878,0.6797085708548392,0.743180354627902,grouped_curves_05.png,log_nonclifford
66,nonclifford_ratio,primary parser,keep,Retained after categorical encoding and grouped ablation; has nonzero final fitted importance.,0.0022525387226315662,0.0005786606897214607,0.0021741715748173963,0.0007129985286341838,-0.027768619246381143,-0.0054034852794665545,-0.01853667455189074,grouped_curves_05.png,
67,one_q,primary parser,keep,Retained after categorical encoding and grouped ablation; has nonzero final fitted importance.,0.002091586387411726,0.0018140989454347293,0.00224442974935013,0.002790412915599758,0.6947952296160844,0.6988334190894767,0.7540078130003692,grouped_curves_05.png,log_one_q
68,ops,primary parser,keep,Retained after categorical encoding and grouped ablation; has nonzero final fitted importance.,0.002480127670882772,0.0022091250126035733,0.003439785559924237,0.003795045457492316,0.7684178481618091,0.732896787955654,0.7882902765669286,grouped_curves_05.png,log_ops
69,pair_reuse,primary parser,drop,Near-perfect rank duplicate of log_pair_reuse (|rho|=1.000) with lower fitted importance.,0.00013522398298899512,0.0004557362977278873,0.0,0.0,0.4378594740337603,0.4389993018381858,0.4515053450235126,grouped_curves_05.png,log_pair_reuse
70,peak_window_twoq,primary parser,keep,Retained after categorical encoding and grouped ablation; has nonzero final fitted importance.,0.0,0.0006000531717708385,0.0008304434509961985,0.0006566711554012275,-0.5091724898198167,-0.49470280543769884,-0.6205901882258561,grouped_curves_05.png,
71,qasm_bytes,primary parser,keep,Retained after categorical encoding and grouped ablation; has nonzero final fitted importance.,0.00315152236214621,0.0005753671788004449,0.004070769011311859,0.0007507624792757804,0.7916316409359411,0.7067511571374779,0.7903102879238152,grouped_curves_05.png,log_qasm_bytes
72,random_angle_entropy,primary parser,drop,Near-perfect rank duplicate of log_random_angle_entropy (|rho|=1.000) with lower fitted importance.,0.00019024281685573044,0.0007679145344794433,0.0,0.0,0.16220701033696625,0.15985668307970086,0.2891936635949506,grouped_curves_05.png,log_random_angle_entropy
73,random_bigram_entropy,primary parser,drop,Near-perfect rank duplicate of log_random_bigram_entropy (|rho|=1.000) with lower fitted importance.,0.0011328623704882329,0.0,0.0,0.0,-0.20003431427296095,-0.039748984876492026,0.013500073855717937,grouped_curves_05.png,log_random_bigram_entropy
74,random_gate_entropy,primary parser,drop,Near-perfect rank duplicate of log_random_gate_entropy (|rho|=1.000) with lower fitted importance.,6.853889036720467e-05,6.260852578745379e-05,0.0,0.0,-0.1246418501958928,0.07867252286352452,0.1265258191979589,grouped_curves_05.png,log_random_gate_entropy
75,random_pair_entropy,primary parser,drop,Near-perfect rank duplicate of log_random_pair_entropy (|rho|=0.998) with lower fitted importance.,0.00014019333434149312,0.0,0.0,0.0,-0.1147688294716296,0.11125050301552718,0.0962589041737764,grouped_curves_05.png,log_random_pair_entropy
76,random_window_entropy,primary parser,keep,Retained after categorical encoding and grouped ablation; has nonzero final fitted importance.,0.0004168431789971729,0.0,0.0003789071203700419,0.0,0.3055361849191527,0.3907804143751243,0.4995500062390741,grouped_curves_05.png,
77,randomness_proxy,primary parser,drop,Near-perfect rank duplicate of log_randomness_proxy (|rho|=1.000) with lower fitted importance.,0.00040929788929387664,0.0,0.0,0.0,0.06654215399208671,0.2574574629601491,0.34739720677009356,grouped_curves_05.png,log_randomness_proxy
78,reset_early_frac,primary parser,keep,Retained after categorical encoding and grouped ablation; has nonzero final fitted importance.,0.0027724029753831694,0.0704591267484695,0.002390137298855503,0.05389503756157557,0.19498242533927035,0.19356957904233607,,grouped_curves_05.png,log_resets
79,resets,primary parser,keep,Retained after categorical encoding and grouped ablation; has nonzero final fitted importance.,0.00041331316273220077,0.012954493695956906,0.0007852723584166265,0.008251873254363534,0.19501876664759363,0.19367821023685924,,grouped_curves_05.png,log_resets
80,rotation_folds,primary parser,drop,Near-perfect rank duplicate of log_rotation_folds (|rho|=1.000) with lower fitted importance.,0.00020867803036077928,0.0,0.0,0.0,0.3991371145150692,0.05013874802526056,0.21330970503397442,grouped_curves_05.png,log_rotation_folds
81,small_angles,primary parser,drop,Near-perfect rank duplicate of log_small_angles (|rho|=1.000) with lower fitted importance.,0.0003850338785995115,2.255501800350656e-05,0.0,0.0,0.558720062763882,0.4029041945644652,0.517203419722789,grouped_curves_06.png,log_small_angles
82,two_depth,primary parser,drop,Near-perfect rank duplicate of log_two_depth (|rho|=1.000) with lower fitted importance.,0.0010138629077188308,0.0,0.0,0.0,0.5443389752274511,0.4394782609132519,0.4310270828567953,grouped_curves_06.png,log_two_depth
83,two_q,primary parser,drop,Near-perfect rank duplicate of log_two_q (|rho|=1.000) with lower fitted importance.,0.0018727245881311329,0.0,0.0,0.0,0.7772099002510265,0.6602243037692205,0.7720638694468138,grouped_curves_06.png,log_two_q
84,two_q_ratio,primary parser,keep,Retained after categorical encoding and grouped ablation; has nonzero final fitted importance.,0.0008616355983424419,3.57872063809628e-05,0.0010268892699721332,4.472764618313089e-05,-0.030090225743216206,-0.21188897694678538,-0.22906888147672794,grouped_curves_06.png,
85,twoq_window_2,primary parser,keep,Retained after categorical encoding and grouped ablation; has nonzero final fitted importance.,0.0001377685531502377,0.0,0.00039631833910310085,0.0,-0.012876932484365361,-0.11132867444682978,0.02910352663729203,grouped_curves_06.png,
86,twoq_window_3,primary parser,drop,Near-perfect rank duplicate of log_twoq_window_3 (|rho|=1.000) with lower fitted importance.,0.0,2.011392037078475e-16,0.0,0.0,-0.0356778308297945,-0.24001994881214941,-0.11220713715246373,grouped_curves_06.png,log_twoq_window_3
87,twoq_window_4,primary parser,drop,Near-perfect rank duplicate of log_twoq_window_4 (|rho|=1.000) with lower fitted importance.,6.830290468483168e-05,0.0,0.0,0.0,0.11781796910742046,0.0030288094416151103,0.197516008454527,grouped_curves_06.png,log_twoq_window_4
88,twoq_window_7,primary parser,keep,Retained after categorical encoding and grouped ablation; has nonzero final fitted importance.,0.002136513261739666,0.0,0.0019647767204559467,1.0178868851588287e-07,0.4445739111988666,0.4336475362333496,0.5501071446417924,grouped_curves_06.png,
89,unique_pairs,primary parser,drop,Near-perfect rank duplicate of log_unique_pairs (|rho|=1.000) with lower fitted importance.,0.00013386640280428226,0.0,0.0,0.0,0.5630749666466763,0.41045770821893185,0.4488319800434379,grouped_curves_06.png,log_unique_pairs
90,zero_angles,primary parser,drop,Near-perfect rank duplicate of log_zero_angles (|rho|=1.000) with lower fitted importance.,5.42046900240065e-05,0.0004003437124314751,0.0,0.0,0.38578505382913947,-0.04047852060488285,0.013013187702403983,grouped_curves_06.png,log_zero_angles
91,log_active_qubits,log1p primary transform,drop,Near-perfect rank duplicate of log_dense_log2_bytes (|rho|=1.000) with lower fitted importance.,0.0010180520179853326,0.0,0.0,0.0,0.4355580327416004,0.5268198563581933,0.3623527870125266,grouped_curves_06.png,log_dense_log2_bytes
92,log_barriers,log1p primary transform,keep,Retained after categorical encoding and grouped ablation; has nonzero final fitted importance.,0.001446647322799133,6.692654369868176e-05,0.0021196499200055712,0.00016062370487686617,-0.29187531790661303,-0.2068426063644817,-0.5095541520488313,grouped_curves_06.png,
93,log_cancel_pairs,log1p primary transform,keep,Retained after categorical encoding and grouped ablation; has nonzero final fitted importance.,0.011681316105347648,0.00010710791709029496,0.012186161246845562,0.0001338785345698067,0.42078175942065976,0.08271512780863231,0.1875070740716015,grouped_curves_06.png,
94,log_chi_mid_budget,log1p primary transform,keep,Retained after categorical encoding and grouped ablation; has nonzero final fitted importance.,0.019344154989381798,0.04374731190709537,0.018624614218987114,0.04854742939123702,0.6614185960695139,0.4904668558698079,0.5534611017865552,grouped_curves_06.png,
95,log_chi_timeline_mid_auc,log1p primary transform,keep,Retained after categorical encoding and grouped ablation; has nonzero final fitted importance.,0.0014976611489564075,0.0,0.0012872245738459842,0.0,0.552344146946455,0.474358600359729,0.5791967774658928,grouped_curves_06.png,
96,log_chi_timeline_mid_t50,log1p primary transform,drop,Near-perfect rank duplicate of chi_timeline_mid_t50 (|rho|=1.000) with lower fitted importance.,0.0,0.000634913104723,0.0,0.0,-0.4058828181544999,-0.3559146068552712,-0.450523035266352,grouped_curves_06.png,chi_timeline_mid_t50
97,log_chi_timeline_mid_t90,log1p primary transform,drop,Near-perfect rank duplicate of chi_timeline_mid_t90 (|rho|=1.000) with lower fitted importance.,0.00024924359168813524,0.0010162635136143844,0.0,0.0,-0.4581812127379767,-0.39422577475995,-0.4838833187787113,grouped_curves_07.png,chi_timeline_mid_t90
98,log_chi_timeline_peak_auc,log1p primary transform,keep,Retained after categorical encoding and grouped ablation; has nonzero final fitted importance.,0.0015663221198253076,2.652416109520072e-16,0.002089602964715198,0.0,0.5644286654638613,0.4730572391584806,0.5720738583913147,grouped_curves_07.png,
99,log_chi_timeline_post_mid_sat_twoq,log1p primary transform,drop,Near-perfect rank duplicate of chi_timeline_post_mid_sat_twoq (|rho|=1.000) with lower fitted importance.,0.00024203417438877907,0.0,0.0,0.0,0.4233249347645639,0.32517180508435073,0.45806246672135886,grouped_curves_07.png,chi_timeline_post_mid_sat_twoq
100,log_chi_upper_mean,log1p primary transform,drop,Near-perfect rank duplicate of log_chi_upper_peak (|rho|=0.998) with lower fitted importance.,0.0013812673986567149,0.0,0.0,0.0,0.5720578934059892,0.46731933827399763,0.5652367040011783,grouped_curves_07.png,log_chi_upper_peak
101,log_chi_upper_mid,log1p primary transform,keep,Retained after categorical encoding and grouped ablation; has nonzero final fitted importance.,0.0013352482633011223,0.0,0.00115586653268222,3.60632313717558e-05,0.5626222366624234,0.4504856862360961,0.5676053866521356,grouped_curves_07.png,
102,log_chi_upper_peak,log1p primary transform,keep,Retained after categorical encoding and grouped ablation; has nonzero final fitted importance.,0.0015793022155836335,0.0,0.0019336828214177636,5.473303867734506e-05,0.5770097054450583,0.4613621690306425,0.5674865648972995,grouped_curves_07.png,
103,log_clifford,log1p primary transform,keep,Retained after categorical encoding and grouped ablation; has nonzero final fitted importance.,0.03520164882780495,0.023569074842936275,0.028718638149203217,0.04251102354032782,0.6595351223628775,0.6765913471031355,0.7035602130729096,grouped_curves_07.png,
104,log_component_dense_log2_bytes,log1p primary transform,drop,Near-perfect rank duplicate of log_largest_component (|rho|=1.000) with lower fitted importance.,0.00034019859446225947,4.0155926219433816e-05,0.0,0.0,0.44564064298483536,0.457814216449838,0.45620083995332816,grouped_curves_07.png,log_largest_component
105,log_component_dense_over_128gb,log1p primary transform,drop,Near-perfect rank duplicate of component_dense_over_128gb (|rho|=1.000) with lower fitted importance.,0.0015443492470411098,0.0,0.0,0.0,0.44828087898756563,0.5267371884914251,0.5635292417127252,grouped_curves_07.png,component_dense_over_128gb
106,log_conditional,log1p primary transform,keep,Retained after categorical encoding and grouped ablation; has nonzero final fitted importance.,0.01592283241038273,0.0,0.017282774054105964,0.0,0.14790810066003277,0.07945567209055672,-0.06856486363275946,grouped_curves_07.png,
107,log_custom_calls,log1p primary transform,keep,Retained after categorical encoding and grouped ablation; has nonzero final fitted importance.,0.0,0.0007076219557511696,0.0,0.00018699518870685358,-0.11569288525399259,-0.15252850749496552,-0.23449088098794463,grouped_curves_07.png,
108,log_custom_definitions,log1p primary transform,keep,Retained after categorical encoding and grouped ablation; has nonzero final fitted importance.,0.0,0.0009486197262114725,0.0001097823931069523,0.0006809928995920992,-0.11034228429373,-0.15501945602122355,-0.23782462998719375,grouped_curves_07.png,
109,log_dense_log2_bytes,log1p primary transform,keep,Retained after categorical encoding and grouped ablation; has nonzero final fitted importance.,0.002410910281590564,0.0,0.0025706228598242004,0.0,0.4351147694622842,0.5262450765553853,0.3623527870125266,grouped_curves_07.png,
110,log_dense_over_128gb,log1p primary transform,keep,Retained after categorical encoding and grouped ablation; has nonzero final fitted importance.,0.005991883583782423,0.0,0.007314242384552206,0.0,0.45870105652035775,0.5835234781765922,0.5214125588219838,grouped_curves_07.png,
111,log_depth,log1p primary transform,keep,Retained after categorical encoding and grouped ablation; has nonzero final fitted importance.,0.0008638377693283587,0.0,0.001417096895980607,0.0,0.5968235331808641,0.49706430271624896,0.5720184483713228,grouped_curves_07.png,
112,log_diagonal,log1p primary transform,keep,Retained after categorical encoding and grouped ablation; has nonzero final fitted importance.,0.011054474211254491,0.0029918696044190615,0.010095316326502965,0.0028091092497516254,0.7541238921693012,0.5881675053079948,0.7213366952507911,grouped_curves_07.png,
113,log_diagonal_run_frac,log1p primary transform,keep,Retained after categorical encoding and grouped ablation; has nonzero final fitted importance.,0.004041165730974057,0.0014408622420471354,0.004394994454959399,0.0015718001295579502,0.034630192213939995,-0.20062231200149427,-0.015011863038594489,grouped_curves_08.png,
114,log_diagonal_run_max,log1p primary transform,keep,Retained after categorical encoding and grouped ablation; has nonzero final fitted importance.,0.005128110170196764,0.0018309216782120509,0.004359958951000828,0.0016141666546682421,0.5354100196981331,0.30113472153225296,0.5588999171326717,grouped_curves_08.png,
115,log_effective_ops,log1p primary transform,keep,Retained after categorical encoding and grouped ablation; has nonzero final fitted importance.,0.032256945329822415,0.025010333632877337,0.028539875170328112,0.02406080588768806,0.7236826860869983,0.7074533023665391,0.7898295448770793,grouped_curves_08.png,
116,log_fingerprint_arithmetic,log1p primary transform,keep,Retained after categorical encoding and grouped ablation; has nonzero final fitted importance.,0.0013498282635472708,5.354123495908966e-05,0.0015734807893636933,9.36971611784569e-05,-0.16912696469352656,-0.16316739410534772,-0.27762934407608797,grouped_curves_08.png,
117,log_fingerprint_ghz,log1p primary transform,keep,Retained after categorical encoding and grouped ablation; has nonzero final fitted importance.,0.0011046348684386744,4.4584022066796035e-05,0.0011497261933729617,1.3385308739989717e-05,0.07840233441346504,-0.15836777531944188,-0.16842489080113593,grouped_curves_08.png,
118,log_fingerprint_grover,log1p primary transform,keep,Retained after categorical encoding and grouped ablation; has nonzero final fitted importance.,0.0015974957796651404,0.0011623246492987952,0.0016516498529730692,0.0023246492985977227,-0.07748314285402409,-0.09383516732982362,-0.15312384421478067,grouped_curves_08.png,fingerprint_grover
119,log_fingerprint_phase_dyadic,log1p primary transform,keep,Retained after categorical encoding and grouped ablation; has nonzero final fitted importance.,0.0027056718575980752,0.0,0.003157457046663526,0.0,0.01734140647567098,-0.17839730365738737,-0.23730121434562843,grouped_curves_08.png,
120,log_fingerprint_qaoa,log1p primary transform,drop,Near-perfect rank duplicate of fingerprint_qaoa (|rho|=1.000) with lower fitted importance.,0.00016794752293118918,0.0,0.0,0.0,0.16184525717519543,-0.009895517478994743,-0.0447218347401258,grouped_curves_08.png,fingerprint_qaoa
121,log_fingerprint_qft,log1p primary transform,keep,Retained after categorical encoding and grouped ablation; has nonzero final fitted importance.,0.004271807253747261,0.002047499861542163,0.004430573224160879,0.0021245765127454663,0.029126290591306652,-0.14625933242640615,-0.2132854719009346,grouped_curves_08.png,
122,log_fingerprint_random_grid,log1p primary transform,keep,Retained after categorical encoding and grouped ablation; has nonzero final fitted importance.,0.003798961112129849,0.00759653006287248,0.0041308745924951915,0.007602184185748729,-0.20920584052160215,-0.015597795393936952,0.06882884930160763,grouped_curves_08.png,fingerprint_random_grid
123,log_fingerprint_variational,log1p primary transform,keep,Retained after categorical encoding and grouped ablation; has nonzero final fitted importance.,0.005512490297430292,0.003381414533538265,0.005479099245247596,0.004165665800488029,0.16830075014726664,0.12601686719448105,0.2347350933958568,grouped_curves_08.png,fingerprint_variational
124,log_gate_ccx,log1p primary transform,keep,Retained after categorical encoding and grouped ablation; has nonzero final fitted importance.,0.00022224081408123717,0.0032671522276524223,0.0002845627127303848,0.004785328927060204,-0.10694099121445612,-0.13020831018974638,-0.24704814269124803,grouped_curves_08.png,
125,log_gate_cp,log1p primary transform,drop,Near-perfect rank duplicate of gate_cp (|rho|=1.000) with lower fitted importance.,4.633491717010298e-05,0.0,0.0,0.0,0.09146251452307833,-0.06405203500350158,-0.14671652960079304,grouped_curves_08.png,gate_cp
126,log_gate_cx,log1p primary transform,keep,Retained after categorical encoding and grouped ablation; has nonzero final fitted importance.,0.02585340172292797,0.042086074467957854,0.024741209997495222,0.04384858922197128,0.5842923617540792,0.5975202052116731,0.6524839075141281,grouped_curves_08.png,
127,log_gate_cz,log1p primary transform,drop,Passed the initial audit but was not selected in any final runtime or timeout estimator.,4.977532756743955e-05,0.0,0.0,0.0,-0.12927052960341273,-0.05132287055861511,-0.12031453872454688,grouped_curves_08.png,
128,log_gate_h,log1p primary transform,keep,Retained after categorical encoding and grouped ablation; has nonzero final fitted importance.,0.011485007253576993,0.04988270755992211,0.013812655787118988,0.04982652520929874,0.2981873097667672,-0.008137959693539963,-0.1258770752575675,grouped_curves_08.png,
129,log_gate_p,log1p primary transform,keep,Retained after categorical encoding and grouped ablation; has nonzero final fitted importance.,8.357165884442616e-05,0.0,8.017352212294272e-05,0.0,0.13724170562332438,0.03895343752017649,0.005247647647227855,grouped_curves_09.png,
130,log_gate_rx,log1p primary transform,keep,Retained after categorical encoding and grouped ablation; has nonzero final fitted importance.,0.0001240717099549311,0.0009803033120191255,0.001105974357948328,0.00121220872959043,0.4782678371722821,0.4315418195884627,0.6829318385927101,grouped_curves_09.png,
131,log_gate_rz,log1p primary transform,keep,Retained after categorical encoding and grouped ablation; has nonzero final fitted importance.,0.0022082747629484094,8.031185243866834e-05,0.002826061946339046,0.00017527433939361017,0.5423344631551495,0.49147927244110207,0.6920604744399839,grouped_curves_09.png,
132,log_gate_rzz,log1p primary transform,keep,Retained after categorical encoding and grouped ablation; has nonzero final fitted importance.,0.001580129820425289,0.0,0.0017181441992212797,0.0,0.26620234808886334,0.1687020155086571,0.2809366566599364,grouped_curves_09.png,
133,log_gate_s,log1p primary transform,keep,Retained after categorical encoding and grouped ablation; has nonzero final fitted importance.,0.00031933074833176634,1.3385308739989676e-05,0.000944543282909984,4.0155926219502324e-05,0.31676547528812193,0.5530300904438581,0.5839921659363326,grouped_curves_09.png,
134,log_gate_t,log1p primary transform,keep,Retained after categorical encoding and grouped ablation; has nonzero final fitted importance.,0.0009559269449393263,8.031185243847084e-05,0.0011194989533560812,0.00020083985828702806,0.0671882676300317,0.024715466442733296,-0.004834558623833394,grouped_curves_09.png,
135,log_gate_u1,log1p primary transform,keep,Retained after categorical encoding and grouped ablation; has nonzero final fitted importance.,0.0,0.0013459427434775147,0.0,0.0006418751860966282,0.04224123390998765,-0.012142435835063841,-0.05681243578522531,grouped_curves_09.png,
136,log_gate_u2,log1p primary transform,keep,Retained after categorical encoding and grouped ablation; has nonzero final fitted importance.,0.00025127946833904737,0.0,0.0006966900602916354,0.0004630849463862498,0.15889734604427336,0.4123382208500749,0.4842999603164153,grouped_curves_09.png,
137,log_gate_u3,log1p primary transform,keep,Retained after categorical encoding and grouped ablation; has nonzero final fitted importance.,0.00042910320327729513,0.0,0.0008571555879966934,0.00021465494180544908,0.08540301713027505,0.41688069891223345,0.4866815892378669,grouped_curves_09.png,
138,log_gate_x,log1p primary transform,keep,Retained after categorical encoding and grouped ablation; has nonzero final fitted importance.,0.0051243539077664695,0.07462024197272109,0.004414627229513442,0.06890288813575311,-0.0076387862558188946,-0.12842250775816688,-0.2226357225938414,grouped_curves_09.png,
139,log_graph_cutwidth_original,log1p primary transform,keep,Retained after categorical encoding and grouped ablation; has nonzero final fitted importance.,0.0085677700715258,0.0055474297552562885,0.008932405662227342,0.006318979341410357,0.6864215156246755,0.4406983606831289,0.5565992821973137,grouped_curves_09.png,
140,log_graph_cutwidth_rcm,log1p primary transform,keep,Retained after categorical encoding and grouped ablation; has nonzero final fitted importance.,0.004662175114399289,0.004713206229341738,0.0043243431671004095,0.0046313794249972316,0.6933670156967331,0.4817268946157579,0.6031706028184703,grouped_curves_09.png,
141,log_graph_degree_entropy,log1p primary transform,keep,Retained after categorical encoding and grouped ablation; has nonzero final fitted importance.,0.0050292732726687755,0.0,0.005173165157321772,1.7880879604592503e-05,0.0497481238547754,0.20226853388809626,0.06973514284975665,grouped_curves_09.png,graph_degree_entropy
142,log_graph_density,log1p primary transform,drop,Near-perfect rank duplicate of graph_density (|rho|=1.000) with lower fitted importance.,0.0009530438301818556,0.0,0.0,0.0,0.09584815480404649,-0.2427371556987801,-0.0740338098996898,grouped_curves_09.png,graph_density
143,log_graph_mean_cut_original,log1p primary transform,keep,Retained after categorical encoding and grouped ablation; has nonzero final fitted importance.,0.004321205071867821,2.7135112480705414e-05,0.006412539149707256,0.00012266397113910955,0.7260539448448383,0.47301367985677173,0.6382326874118627,grouped_curves_09.png,
144,log_graph_mean_cut_rcm,log1p primary transform,keep,Retained after categorical encoding and grouped ablation; has nonzero final fitted importance.,0.002573665511318703,0.0,0.0023002850085026725,0.0,0.7073468537067656,0.5051027245725165,0.6414387837852785,grouped_curves_09.png,
145,log_graph_mindegree_available,log1p primary transform,keep,Retained after categorical encoding and grouped ablation; has nonzero final fitted importance.,0.00023519887422878736,0.0,0.0008965910846431217,0.0,-0.11882367267758355,-0.15597583632197848,0.053046587443074014,grouped_curves_10.png,
146,log_graph_mindegree_width,log1p primary transform,drop,Near-perfect rank duplicate of graph_mindegree_width (|rho|=1.000) with lower fitted importance.,0.0002344742702222624,0.0,0.0,0.0,0.2879592598195414,0.11670220806510424,0.3910267206977542,grouped_curves_10.png,graph_mindegree_width
147,log_graph_rcm_gain,log1p primary transform,keep,Retained after categorical encoding and grouped ablation; has nonzero final fitted importance.,0.0023866569172657057,4.470219901114605e-05,0.002294870538833561,8.04639582197321e-05,0.08381128602581726,-0.27839735036472224,-0.22834877294791261,grouped_curves_10.png,
148,log_graph_span_rcm,log1p primary transform,keep,Retained after categorical encoding and grouped ablation; has nonzero final fitted importance.,0.000976494410451349,0.000988143044433638,0.0012543851561132434,0.0012113146032515978,0.5084033686975593,0.28526163225886925,0.4273848932711535,grouped_curves_10.png,
149,log_largest_component,log1p primary transform,keep,Retained after categorical encoding and grouped ablation; has nonzero final fitted importance.,0.0008253021523289573,2.2351195714332334e-05,0.0014537701758348912,6.695199087079299e-05,0.44564064298483536,0.457814216449838,0.45620083995332816,grouped_curves_10.png,
150,log_late_new_pair_ratio,log1p primary transform,keep,Retained after categorical encoding and grouped ablation; has nonzero final fitted importance.,0.0004264740685307407,0.00240287014138858,0.0010628149847730006,0.002465933155352932,0.010590146469266749,-0.23637827473902073,-0.19726185779246852,grouped_curves_10.png,late_new_pair_ratio
151,log_liveness_mean_span,log1p primary transform,keep,Retained after categorical encoding and grouped ablation; has nonzero final fitted importance.,0.00013961737721087154,0.00012716219634213146,0.0001529059574117969,0.00010318463808837673,0.3474043479233121,0.4570166283347004,0.5444919098548326,grouped_curves_10.png,
152,log_liveness_mean_window,log1p primary transform,keep,Retained after categorical encoding and grouped ablation; has nonzero final fitted importance.,0.008909083352620485,0.0,0.008605776037000828,0.0,0.5015845121019475,0.6307365307073151,0.5229059008842037,grouped_curves_10.png,
153,log_liveness_peak_window,log1p primary transform,keep,Retained after categorical encoding and grouped ablation; has nonzero final fitted importance.,0.0016771257986260262,0.0,0.002105535706764157,0.0,0.4805583482841502,0.5197822703390814,0.3930676310918379,grouped_curves_10.png,
154,log_max_degree,log1p primary transform,keep,Retained after categorical encoding and grouped ablation; has nonzero final fitted importance.,0.001940695461573771,0.0,0.0018766065453618749,0.0004140451783282727,0.27952950847079805,0.013208572209195774,-0.029700069834351674,grouped_curves_10.png,
155,log_max_span,log1p primary transform,keep,Retained after categorical encoding and grouped ablation; has nonzero final fitted importance.,0.00037259769509872447,0.0,0.000912081340691401,0.0,0.49908688364313203,0.2236047313185934,0.29873072231395165,grouped_curves_10.png,
156,log_mean_degree,log1p primary transform,keep,Retained after categorical encoding and grouped ablation; has nonzero final fitted importance.,0.0018822607115664372,0.0,0.0024815694279668584,0.0010835168241296641,0.446735468771123,0.18448662001945432,0.2727571619479757,grouped_curves_10.png,
157,log_measurement_early_frac,log1p primary transform,keep,Retained after categorical encoding and grouped ablation; has nonzero final fitted importance.,0.002517302326548768,0.0,0.002781157226389283,0.0,-0.06012362286202713,0.009725460339051514,-0.1635434343267427,grouped_curves_10.png,
158,log_measurements,log1p primary transform,keep,Retained after categorical encoding and grouped ablation; has nonzero final fitted importance.,0.0036777186380267182,0.0,0.0044982250237916585,0.0,-0.275499611205267,-0.18544801241344444,-0.5144553129130451,grouped_curves_10.png,
159,log_multi_q,log1p primary transform,keep,Retained after categorical encoding and grouped ablation; has nonzero final fitted importance.,0.000220141531979929,0.003237352132729952,0.00020534620285305385,0.005433961974241273,-0.13696857197627524,-0.13142450569439248,-0.24826447320398382,grouped_curves_10.png,
160,log_n_qubits,log1p primary transform,keep,Retained after categorical encoding and grouped ablation; has nonzero final fitted importance.,0.002276819278803322,0.0,0.0029745448147204534,0.0,0.4351147694622842,0.5262450765553853,0.3623527870125266,grouped_curves_10.png,log_dense_log2_bytes
161,log_nonclifford,log1p primary transform,keep,Retained after categorical encoding and grouped ablation; has nonzero final fitted importance.,0.023964243337354467,0.008253703420136786,0.029042512645160293,0.010621135904873846,0.7255073602922878,0.6797085708548392,0.743180354627902,grouped_curves_11.png,
162,log_one_q,log1p primary transform,keep,Retained after categorical encoding and grouped ablation; has nonzero final fitted importance.,0.018824760431595675,0.012654392475364392,0.01889512013459687,0.008114978149412928,0.6947952296160844,0.6988334190894767,0.7540078130003692,grouped_curves_11.png,
163,log_ops,log1p primary transform,keep,Retained after categorical encoding and grouped ablation; has nonzero final fitted importance.,0.04927216875000079,0.03981793197032952,0.045488719934838565,0.0323215302043271,0.7684178481618091,0.732896787955654,0.7882902765669286,grouped_curves_11.png,
164,log_pair_reuse,log1p primary transform,keep,Retained after categorical encoding and grouped ablation; has nonzero final fitted importance.,0.00043956670631514034,0.009891326061015301,0.0008677188151347518,0.00781953561244996,0.4378594740337603,0.4389993018381858,0.4515053450235126,grouped_curves_11.png,
165,log_peak_window_twoq,log1p primary transform,drop,Near-perfect rank duplicate of peak_window_twoq (|rho|=1.000) with lower fitted importance.,0.00016360601934759222,0.0,0.0,0.0,-0.5091724898198167,-0.49470280543769884,-0.6205901882258561,grouped_curves_11.png,peak_window_twoq
166,log_qasm_bytes,log1p primary transform,keep,Retained after categorical encoding and grouped ablation; has nonzero final fitted importance.,0.03336063305382267,0.016266155291102546,0.03492238043966443,0.009533567787531118,0.7916316409359411,0.7067511571374779,0.7903102879238152,grouped_curves_11.png,
167,log_random_angle_entropy,log1p primary transform,keep,Retained after categorical encoding and grouped ablation; has nonzero final fitted importance.,0.0010199518889673024,0.0005030697678400608,0.0011851118684771827,0.0007343087586860122,0.16220701033696625,0.15985668307970086,0.2891936635949506,grouped_curves_11.png,
168,log_random_bigram_entropy,log1p primary transform,keep,Retained after categorical encoding and grouped ablation; has nonzero final fitted importance.,0.001209426995481994,0.0,0.0012826913185307698,0.0,-0.20003488412073345,-0.039750357550624324,0.013500073855717937,grouped_curves_11.png,
169,log_random_gate_entropy,log1p primary transform,keep,Retained after categorical encoding and grouped ablation; has nonzero final fitted importance.,0.00012230478207252656,8.04639582198651e-05,0.0007851215575737318,2.682131940702014e-05,-0.1246418501958928,0.07867252286352452,0.1265258191979589,grouped_curves_11.png,
170,log_random_pair_entropy,log1p primary transform,keep,Retained after categorical encoding and grouped ablation; has nonzero final fitted importance.,0.00034463784528352624,0.0,0.0010631403472830753,0.0,-0.10573862856061052,0.11953790323328868,0.10410089415074426,grouped_curves_11.png,
171,log_random_window_entropy,log1p primary transform,drop,Near-perfect rank duplicate of random_window_entropy (|rho|=1.000) with lower fitted importance.,0.0002922773980759314,0.0,0.0,0.0,0.3055361849191527,0.3907804143751243,0.4995500062390741,grouped_curves_11.png,random_window_entropy
172,log_randomness_proxy,log1p primary transform,keep,Retained after categorical encoding and grouped ablation; has nonzero final fitted importance.,0.0004783522380905303,3.249835030467983e-05,0.0012164080315500078,0.0,0.06654215399208671,0.2574574629601491,0.34739720677009356,grouped_curves_11.png,
173,log_reset_early_frac,log1p primary transform,keep,Retained after categorical encoding and grouped ablation; has nonzero final fitted importance.,0.0024123921090935052,0.061599218876354715,0.0028904213549371116,0.07676614132086065,0.19498242533927035,0.19356957904233607,,grouped_curves_11.png,log_resets
174,log_resets,log1p primary transform,keep,Retained after categorical encoding and grouped ablation; has nonzero final fitted importance.,0.0020563112639395515,0.1527804209008818,0.002452698509957823,0.14688056046309605,0.19501876664759363,0.19367821023685924,,grouped_curves_11.png,
175,log_rotation_folds,log1p primary transform,keep,Retained after categorical encoding and grouped ablation; has nonzero final fitted importance.,0.0016687033179433692,0.0,0.0016491114888024538,0.000363490050906199,0.3991371145150692,0.05013874802526056,0.21330970503397442,grouped_curves_11.png,
176,log_small_angles,log1p primary transform,keep,Retained after categorical encoding and grouped ablation; has nonzero final fitted importance.,0.0015414047487805026,0.0,0.0018821197373950676,0.0,0.558720062763882,0.4029041945644652,0.517203419722789,grouped_curves_11.png,
177,log_two_depth,log1p primary transform,keep,Retained after categorical encoding and grouped ablation; has nonzero final fitted importance.,0.0016362680572196892,0.0,0.0016254632532082059,0.0,0.5443389752274511,0.4394782609132519,0.4310270828567953,grouped_curves_12.png,
178,log_two_q,log1p primary transform,keep,Retained after categorical encoding and grouped ablation; has nonzero final fitted importance.,0.03244712532747965,0.03143170706543133,0.038942308459823764,0.031935025913248094,0.7772099002510265,0.6602243037692205,0.7720638694468138,grouped_curves_12.png,
179,log_twoq_window_2,log1p primary transform,drop,Near-perfect rank duplicate of twoq_window_2 (|rho|=1.000) with lower fitted importance.,0.00010614894915055507,0.0,0.0,0.0,-0.012876932484365361,-0.11132867444682978,0.02910352663729203,grouped_curves_12.png,twoq_window_2
180,log_twoq_window_3,log1p primary transform,keep,Retained after categorical encoding and grouped ablation; has nonzero final fitted importance.,0.00029410653516283053,0.0,0.0003726461511462735,8.940439802429212e-06,-0.0356778308297945,-0.24001994881214941,-0.11220713715246373,grouped_curves_12.png,
181,log_twoq_window_4,log1p primary transform,keep,Retained after categorical encoding and grouped ablation; has nonzero final fitted importance.,6.866763700226775e-05,2.5447172377010366e-08,0.0008823097621934012,0.00023851672783131353,0.11781796910742046,0.0030288094416151103,0.197516008454527,grouped_curves_12.png,
182,log_twoq_window_6,log1p primary transform,keep,Retained after categorical encoding and grouped ablation; has nonzero final fitted importance.,0.0,0.00019217921708796366,0.0012332278134256107,0.0,0.3371755590149388,0.1876837121639746,0.31020339683707693,grouped_curves_12.png,
183,log_twoq_window_7,log1p primary transform,drop,Near-perfect rank duplicate of twoq_window_7 (|rho|=1.000) with lower fitted importance.,0.0018212154888069222,0.0,0.0,0.0,0.4445739111988666,0.4336475362333496,0.5501071446417924,grouped_curves_12.png,twoq_window_7
184,log_unique_pairs,log1p primary transform,keep,Retained after categorical encoding and grouped ablation; has nonzero final fitted importance.,0.0014390431362746512,0.0018797727165277569,0.0014886626333938857,0.002347654908250597,0.5630749666466763,0.41045770821893185,0.4488319800434379,grouped_curves_12.png,
185,log_zero_angles,log1p primary transform,keep,Retained after categorical encoding and grouped ablation; has nonzero final fitted importance.,0.005021376393585292,0.0008027998982548515,0.00460064990700893,0.0011384390230036337,0.38578505382913947,-0.04047852060488285,0.013013187702403983,grouped_curves_12.png,
186,threshold,simulator setting,drop,Replaced by categorical one-hot setting; the ordinal encoding adds an unjustified distance.,0.03342040553454273,0.0,0.0,0.0,,,,grouped_curves_12.png,
187,log_threshold,simulator setting,drop,Replaced by categorical one-hot setting; the ordinal encoding adds an unjustified distance.,0.019893892979891418,0.0,0.0,0.0,,,,grouped_curves_12.png,threshold
188,chi_walk_cost_overhead,angle-aware chi walk,keep,Retained after categorical encoding and grouped ablation; has nonzero final fitted importance.,0.07584284930108941,0.004210558754931543,0.07335524795625299,0.0059364834959520635,0.7529446336217128,0.5983435544950487,0.7338780464017503,grouped_curves_12.png,
189,chi_walk_entangling_frac,angle-aware chi walk,keep,Retained after categorical encoding and grouped ablation; has nonzero final fitted importance.,0.005022269268014801,0.0,0.004713981936524765,0.0,0.07935033539702106,0.3440607023764122,0.44595003620520546,grouped_curves_12.png,
190,chi_walk_max_logchi,angle-aware chi walk,keep,Retained after categorical encoding and grouped ablation; has nonzero final fitted importance.,0.036271887591808216,0.0,0.03675162059648403,0.0,0.42491464020015507,0.411976951477215,0.6560538886736924,grouped_curves_12.png,
191,chi_walk_sat_frac,angle-aware chi walk,keep,Retained after categorical encoding and grouped ablation; has nonzero final fitted importance.,0.010307323034082362,0.0,0.011422887811284286,0.0,0.7186753319762109,0.5448328177416312,0.7153675800155012,grouped_curves_12.png,
192,chi_walk_sat_start,angle-aware chi walk,keep,Retained after categorical encoding and grouped ablation; has nonzero final fitted importance.,0.13677570520838636,0.009440645403086687,0.13986885567874752,0.00881883578243732,-0.7254411197864626,-0.7076862925481753,-0.8476172525942316,grouped_curves_12.png,
193,chi_walk_links_at_cap,angle-aware chi walk,keep,Retained after categorical encoding and grouped ablation; has nonzero final fitted importance.,0.004212112133139583,0.0,0.004099972500081076,3.6165596332728596e-05,0.5958658568188873,0.5311877474305867,0.6823100053903187,grouped_curves_13.png,
194,chi_walk_extrapolated,angle-aware chi walk,drop,Passed the initial audit but was not selected in any final runtime or timeout estimator.,0.0,8.987326487818803e-06,0.0,0.0,0.22973273538425792,0.20550749697807932,0.20847453779610298,grouped_curves_13.png,
195,chi_walk_available,angle-aware chi walk,keep,Retained after categorical encoding and grouped ablation; has nonzero final fitted importance.,0.0,0.00017831239810750087,0.0,0.0011484065258743328,-0.14452201602561585,-0.14078282991402077,-0.15507256129218336,grouped_curves_13.png,
196,chi_walk_rot_near_zero,angle-aware chi walk,keep,Retained after categorical encoding and grouped ablation; has nonzero final fitted importance.,0.0005435533434919454,0.00022678747581813204,0.0011112850268581503,0.0,0.4256234678161136,0.41963951229221685,0.6068460130954689,grouped_curves_13.png,
197,chi_walk_rot_near_frac,angle-aware chi walk,keep,Retained after categorical encoding and grouped ablation; has nonzero final fitted importance.,0.004678724694736342,0.0,0.005354004354409662,0.00022871334048186787,0.20165925031384216,0.18878152926792177,0.29918505332829326,grouped_curves_13.png,
198,chi_walk_rot_mixing_mean,angle-aware chi walk,keep,Retained after categorical encoding and grouped ablation; has nonzero final fitted importance.,0.004042695738235802,0.0031582712554088324,0.003632274685207268,0.0027635047191624006,0.14465552608276414,0.3216056643835408,0.3557522805102328,grouped_curves_13.png,
199,extended__angle_abs_over_pi_max,secondary scanner,keep,Retained after categorical encoding and grouped ablation; has nonzero final fitted importance.,0.00012073778972567603,9.36971611781953e-05,0.00038315280260027454,6.692654369907894e-05,0.32788102469717745,0.354726414570166,0.46971241593648555,grouped_curves_13.png,
200,extended__angle_abs_over_pi_mean,secondary scanner,keep,Retained after categorical encoding and grouped ablation; has nonzero final fitted importance.,0.00034601490491581086,0.0,0.00037748485955490797,1.3385308740055079e-05,0.31499508797637904,0.19275736315831288,0.3278624322358478,grouped_curves_13.png,
201,extended__angle_abs_over_pi_std,secondary scanner,keep,Retained after categorical encoding and grouped ablation; has nonzero final fitted importance.,7.257236506210367e-05,0.0,0.00010439650981254413,5.28457023202797e-05,0.2731707669559419,0.27739963787331484,0.3842176545540306,grouped_curves_13.png,
202,extended__angle_clifford_fraction,secondary scanner,keep,Retained after categorical encoding and grouped ablation; has nonzero final fitted importance.,0.003957623689297998,0.00029898367800626334,0.0031446812204169545,0.0,0.28671431778537954,0.2510762440293339,0.2967921592557888,grouped_curves_13.png,
203,extended__angle_distinct_count,secondary scanner,keep,Retained after categorical encoding and grouped ablation; has nonzero final fitted importance.,0.0012598785909180917,0.01011731843204503,0.0014240506239975683,0.0087837193665386,0.418363951142943,0.547725433283715,0.6148782225267042,grouped_curves_13.png,
204,extended__angle_distinct_overflow,secondary scanner,keep,Retained after categorical encoding and grouped ablation; has nonzero final fitted importance.,0.0001889739177509678,0.005936863154854126,0.0,0.0033871914952982147,0.13849050203140637,0.15668671760774477,0.17119770875307747,grouped_curves_13.png,
205,extended__angle_expression_count,secondary scanner,keep,Retained after categorical encoding and grouped ablation; has nonzero final fitted importance.,0.0015171590864944578,0.00018773574281664401,0.0017013851845969878,0.0006859186260236352,0.611573520203045,0.6024668088158975,0.7147065350690949,grouped_curves_13.png,
206,extended__angle_generic_fraction,secondary scanner,keep,Retained after categorical encoding and grouped ablation; has nonzero final fitted importance.,0.003018324019119013,0.0038794266609954403,0.003174597811841301,0.0029577073077234443,0.1836281182379827,0.08777268410541984,0.1513903591606114,grouped_curves_13.png,
207,extended__angle_mod_two_pi_distance_mean,secondary scanner,keep,Retained after categorical encoding and grouped ablation; has nonzero final fitted importance.,0.0006289081611548658,5.2797040105848516e-05,0.0006385223984064004,8.977179607777146e-05,0.12418951762551891,0.27634674531803305,0.24318090802312878,grouped_curves_13.png,
208,extended__angle_negative_fraction,secondary scanner,keep,Retained after categorical encoding and grouped ablation; has nonzero final fitted importance.,0.0008093383031479369,1.3385308740121637e-05,0.0009608056757472997,5.3541234959090285e-05,-0.1400696309865799,-0.17903979896333952,-0.35596776006049696,grouped_curves_13.png,
209,extended__angle_numeric_count,secondary scanner,drop,Near-perfect rank duplicate of extended__angle_expression_count (|rho|=1.000) with lower fitted importance.,0.0011092818627372978,6.238074832657124e-05,0.0,0.0,0.6167684066617314,0.6019902175071364,0.7151662531817139,grouped_curves_14.png,extended__angle_expression_count
210,extended__angle_numeric_fraction,secondary scanner,keep,Retained after categorical encoding and grouped ablation; has nonzero final fitted importance.,0.0007403872693574028,2.6770617479710778e-05,0.000749552526765584,5.354123495929104e-05,0.27393278068148663,-0.0043023647625780375,0.028044645662291375,grouped_curves_14.png,
211,extended__angle_quarter_turn_fraction,secondary scanner,keep,Retained after categorical encoding and grouped ablation; has nonzero final fitted importance.,0.007895145836549917,0.0013276370102403168,0.007382778317870501,0.0008181481374437076,0.21496620397272975,0.2024455558443468,0.22317966379286885,grouped_curves_14.png,
212,extended__angle_symbolic_count,secondary scanner,keep,Retained after categorical encoding and grouped ablation; has nonzero final fitted importance.,0.00019419358653456097,0.0,0.0004703291190508662,0.0,0.1985795481664379,0.5141522574351626,0.6016230763338488,grouped_curves_14.png,
213,extended__angle_t_like_fraction,secondary scanner,keep,Retained after categorical encoding and grouped ablation; has nonzero final fitted importance.,0.0006323223074042538,0.0006404517819468987,0.0008054559542794709,0.0008969079727041767,0.10165394701705234,0.14236033922940697,0.18296551353808785,grouped_curves_14.png,
214,extended__angle_value_entropy,secondary scanner,keep,Retained after categorical encoding and grouped ablation; has nonzero final fitted importance.,0.000624520475453649,0.002105531562583854,0.0006077148989848033,0.0016936452632620462,0.2663853138154991,0.38953053295921136,0.3957702811576299,grouped_curves_14.png,
215,extended__angle_value_entropy_normalized,secondary scanner,keep,Retained after categorical encoding and grouped ablation; has nonzero final fitted importance.,0.0006998192485530171,4.015592621943458e-05,0.0006598213600424491,1.3248530020163567e-16,-0.07750307724966472,-0.15238233867609383,-0.21485276138858322,grouped_curves_14.png,
216,extended__angle_zero_mod_two_pi_fraction,secondary scanner,keep,Retained after categorical encoding and grouped ablation; has nonzero final fitted importance.,0.00043647725958794923,0.0015881304390334462,0.0003897341402230546,0.0012179303468437055,0.3279931563641137,0.36613540039842785,0.34930237050909513,grouped_curves_14.png,
217,extended__approx_treewidth,secondary scanner,keep,Retained after categorical encoding and grouped ablation; has nonzero final fitted importance.,0.0004538905030949995,0.00037675313541289305,0.0005544230193122632,0.0008215018007248585,0.4191648705614283,0.17656968380989843,0.40048070428744426,grouped_curves_14.png,
218,extended__barrier_count,secondary scanner,drop,Near-perfect rank duplicate of log_barriers (|rho|=1.000) with lower fitted importance.,0.0002468750539192093,0.00020077963109611213,0.0,0.0,-0.29224093890479874,-0.2082159941132818,-0.5095541520488313,grouped_curves_14.png,log_barriers
219,extended__circuit_depth,secondary scanner,keep,Retained after categorical encoding and grouped ablation; has nonzero final fitted importance.,0.00020053635031344822,0.002074707558903307,0.00036637958416885013,0.0012727744149781796,0.6540305019172927,0.5385487902688394,0.6105111246137915,grouped_curves_14.png,
220,extended__classical_register_count,secondary scanner,keep,Retained after categorical encoding and grouped ablation; has nonzero final fitted importance.,0.0003569061695806292,0.00012905710286751233,0.000524866627261845,0.00010708246991784968,-0.3660006659094046,-0.3281605763452556,-0.6029222108361898,grouped_curves_14.png,
221,extended__coarse_unclassified_semicolon_count,secondary scanner,keep,Retained after categorical encoding and grouped ablation; has nonzero final fitted importance.,0.0,7.465546126562586e-05,0.00011987491420316273,0.0,0.3400530219468813,0.29966589663506793,0.2585768535576401,grouped_curves_14.png,
222,extended__custom_expanded_gate_count_proxy,secondary scanner,keep,Retained after categorical encoding and grouped ablation; has nonzero final fitted importance.,0.0016932031118514217,0.004516411199878422,0.0012444870880560196,0.006419748490728731,0.7661384015499537,0.7308542600182651,0.7871074960863522,grouped_curves_14.png,log_ops
223,extended__custom_expanded_parameter_count_proxy,secondary scanner,keep,Retained after categorical encoding and grouped ablation; has nonzero final fitted importance.,0.0005717089283812894,4.015592621923489e-05,0.0005457949414392,0.0001070824699179161,0.6426717131235786,0.6240619767676413,0.7432105708492618,grouped_curves_14.png,
224,extended__custom_expanded_two_qubit_fraction,secondary scanner,keep,Retained after categorical encoding and grouped ablation; has nonzero final fitted importance.,0.0003867455984708962,0.0014980750807382687,0.0003899211259683074,0.001413176400041161,-0.03316867756283255,-0.1936834140836282,-0.2094179733630088,grouped_curves_14.png,
225,extended__custom_expanded_two_qubit_gate_count_proxy,secondary scanner,keep,Retained after categorical encoding and grouped ablation; has nonzero final fitted importance.,0.0011911072160431225,0.0016065000676082825,0.001289529057464013,0.0011221958086007457,0.7402341774560858,0.6462868483002454,0.7354087994480983,grouped_curves_15.png,
226,extended__custom_gate_invocation_count,secondary scanner,keep,Retained after categorical encoding and grouped ablation; has nonzero final fitted importance.,0.0006622895432462929,0.004603621042369854,0.0008041357756785367,0.004962734630374404,-0.12831829880644674,-0.16921623172362954,-0.24518301983537466,grouped_curves_15.png,
227,extended__cut_crossings_active_fraction,secondary scanner,keep,Retained after categorical encoding and grouped ablation; has nonzero final fitted importance.,0.00014109766303043301,0.0,0.00019922783679590254,0.0,-0.026113660552850443,0.06620202781686833,0.12822089591022653,grouped_curves_15.png,
228,extended__cut_crossings_max,secondary scanner,keep,Retained after categorical encoding and grouped ablation; has nonzero final fitted importance.,0.00045187163249054633,0.0,0.0009637557063262927,0.0,0.5020471684685147,0.2947558671513874,0.5100064748222297,grouped_curves_15.png,
229,extended__cut_crossings_max_fraction,secondary scanner,keep,Retained after categorical encoding and grouped ablation; has nonzero final fitted importance.,0.0019279881004066676,2.6497060040327145e-16,0.0019260828261944347,7.152351841770059e-05,-0.09431569232838978,-0.4327465219318592,-0.3107954124187723,grouped_curves_15.png,
230,extended__cut_crossings_mean,secondary scanner,keep,Retained after categorical encoding and grouped ablation; has nonzero final fitted importance.,0.0004852993443332533,0.0,0.00047318977493158575,0.0,0.5064855835825174,0.32314111381996813,0.523072030369578,grouped_curves_15.png,
231,extended__cut_crossings_std,secondary scanner,keep,Retained after categorical encoding and grouped ablation; has nonzero final fitted importance.,0.0008964209137307495,0.0,0.0006439725700850712,0.0,0.5214197372222378,0.2965018188151763,0.5200756951189157,grouped_curves_15.png,
232,extended__dag_density,secondary scanner,keep,Retained after categorical encoding and grouped ablation; has nonzero final fitted importance.,0.0012207853897881677,0.0,0.0015026365737220572,0.0,-0.7182182662839173,-0.7370665608503977,-0.7688946100881048,grouped_curves_15.png,
233,extended__dag_dependency_edge_count,secondary scanner,keep,Retained after categorical encoding and grouped ablation; has nonzero final fitted importance.,0.0017137701819315142,0.0001825983176997325,0.0012277999745518781,0.0006957086482711564,0.5344452561108877,0.5143744466794337,0.638840441686244,grouped_curves_15.png,
234,extended__dag_layer_utilization,secondary scanner,keep,Retained after categorical encoding and grouped ablation; has nonzero final fitted importance.,0.0016094585926620358,0.0011838591658746127,0.0018012945293048623,0.0003845472041169958,0.30720824826192283,0.4132969336811375,0.6641971690687759,grouped_curves_15.png,
235,extended__dag_max_layer_width,secondary scanner,keep,Retained after categorical encoding and grouped ablation; has nonzero final fitted importance.,0.0010061476886394493,3.576175920918345e-05,0.0010152161121558816,2.6821319406621397e-05,0.36373578470173534,0.377614166749754,0.4161528282210203,grouped_curves_15.png,
236,extended__dag_mean_layer_width,secondary scanner,keep,Retained after categorical encoding and grouped ablation; has nonzero final fitted importance.,0.00233023041294941,0.00017471812930804515,0.0025164776641815175,1.7880879604525032e-05,0.21768795331377727,0.464170014163475,0.5687932008392657,grouped_curves_15.png,
237,extended__dag_node_count,secondary scanner,keep,Retained after categorical encoding and grouped ablation; has nonzero final fitted importance.,0.0009719442351917695,0.0015562577214143442,0.0014883922004960163,0.0014365058243399234,0.7458762671625006,0.7341498993208176,0.7925876056396479,grouped_curves_15.png,extended__total_operation_count
238,extended__dag_parallelizable_gate_fraction,secondary scanner,keep,Retained after categorical encoding and grouped ablation; has nonzero final fitted importance.,0.006977658231154143,0.0,0.006665969480131939,0.0006081887065012495,0.5024013744734277,0.6692519277656159,0.754836989835869,grouped_curves_15.png,
239,extended__dag_width_depth_ratio,secondary scanner,keep,Retained after categorical encoding and grouped ablation; has nonzero final fitted importance.,0.0,0.00035540017051256047,7.695501983893454e-05,0.0,-0.3155698139154184,-0.18122250602914824,-0.17195443889729464,grouped_curves_15.png,
240,extended__depth_per_gate,secondary scanner,keep,Retained after categorical encoding and grouped ablation; has nonzero final fitted importance.,0.004567518004854507,0.0,0.004857356633182775,0.0,-0.5087755153112926,-0.676941415304111,-0.7514322760723208,grouped_curves_15.png,
241,extended__fast_detail_mode,secondary scanner,drop,Near-perfect rank duplicate of extended__coarse_unclassified_semicolon_count (|rho|=1.000) with lower fitted importance.,0.0,9.267676966623988e-06,0.0,0.0,-0.3405023384907286,-0.3012105585918824,-0.260068821124714,grouped_curves_16.png,extended__coarse_unclassified_semicolon_count
242,extended__fast_detailed_work_units,secondary scanner,keep,Retained after categorical encoding and grouped ablation; has nonzero final fitted importance.,0.0012851578540235384,0.0,0.0025256688404212578,6.57930115458756e-05,0.6502907829446443,0.7370938222920533,0.5837178886998625,grouped_curves_16.png,
243,extended__fast_sampled_operation_count,secondary scanner,keep,Retained after categorical encoding and grouped ablation; has nonzero final fitted importance.,0.0006887010385372722,8.245501359542243e-05,0.0011625809223251963,0.0,0.505002283457247,0.5198660378584723,0.6240880637636286,grouped_curves_16.png,
244,extended__gate_count__ccx,secondary scanner,keep,Retained after categorical encoding and grouped ablation; has nonzero final fitted importance.,0.00038924660011488475,0.011967737495335258,0.0005330330268071929,0.01111709588223814,0.018950134338865648,-0.0296978732387423,-0.08257744544336758,grouped_curves_16.png,
245,extended__gate_count__cswap,secondary scanner,drop,Tiny fitted importance and no clear within-setting runtime trend in the grouped curves.,9.476854689360054e-05,0.0,0.0,0.0,-0.058967972924253396,0.010083888663302053,0.044026630615033556,grouped_curves_16.png,
246,extended__gate_count__cu1,secondary scanner,keep,Retained after categorical encoding and grouped ablation; has nonzero final fitted importance.,0.000247643291358892,0.0,0.0002808559010407943,0.0,0.07055799695644631,0.0238490372978738,0.09609632912733382,grouped_curves_16.png,
247,extended__gate_count__cx,secondary scanner,keep,Retained after categorical encoding and grouped ablation; has nonzero final fitted importance.,0.0002476822729046242,0.0,7.291489109289488e-05,0.0,0.4926875899088511,0.5205103505784104,0.5807150562427984,grouped_curves_16.png,
248,extended__gate_count__h,secondary scanner,keep,Retained after categorical encoding and grouped ablation; has nonzero final fitted importance.,0.0011561791056239187,0.0,0.0011780583864013207,0.00013441211856384585,0.3545121619025941,0.010304712257081503,-0.03857171781235417,grouped_curves_16.png,
249,extended__gate_count__other,secondary scanner,drop,Passed the initial audit but was not selected in any final runtime or timeout estimator.,0.0,3.0809050808942654e-17,0.0,0.0,-0.14269804603909797,-0.2269048315652812,-0.2582140157491221,grouped_curves_16.png,
250,extended__gate_count__ry,secondary scanner,drop,Near-perfect rank duplicate of gate_ry (|rho|=1.000) with lower fitted importance.,0.00025587442346249425,0.0,0.0,0.0,0.07585854934793335,0.4151676049879658,0.4738258201595584,grouped_curves_16.png,gate_ry
251,extended__gate_count__rz,secondary scanner,keep,Retained after categorical encoding and grouped ablation; has nonzero final fitted importance.,0.0,8.031185243859977e-05,0.0,0.00021256693016352666,0.47918739830021917,0.4410817443374912,0.6385179350819487,grouped_curves_16.png,
252,extended__gate_count__rzz,secondary scanner,keep,Retained after categorical encoding and grouped ablation; has nonzero final fitted importance.,0.000717971833150355,0.0,0.0007499816118869461,0.0,0.2755786869988316,0.18949438236810853,0.2973830747393017,grouped_curves_16.png,
253,extended__gate_count__s,secondary scanner,keep,Retained after categorical encoding and grouped ablation; has nonzero final fitted importance.,0.00035406200178871456,0.0,0.00042263287832743865,0.0,0.3262246167340359,0.5699196654431874,0.6222463841817313,grouped_curves_16.png,
254,extended__gate_count__sxdg,secondary scanner,keep,Retained after categorical encoding and grouped ablation; has nonzero final fitted importance.,0.00020100254927236895,0.0,0.0003317070725788256,0.0,0.1474433183629991,0.43906536860378953,0.5256974530832996,grouped_curves_16.png,
255,extended__gate_count__t,secondary scanner,keep,Retained after categorical encoding and grouped ablation; has nonzero final fitted importance.,0.0,0.004828347252724776,2.4484394300649885e-05,0.003750559361436022,0.12631232340848056,0.0932632932578498,0.08652839338180873,grouped_curves_16.png,
256,extended__gate_count__tdg,secondary scanner,keep,Retained after categorical encoding and grouped ablation; has nonzero final fitted importance.,0.0,0.005123279527216061,0.0,0.003022032443658432,0.0962548648735824,0.05748667341000751,-0.011158308323357655,grouped_curves_16.png,
257,extended__gate_count__u2,secondary scanner,keep,Retained after categorical encoding and grouped ablation; has nonzero final fitted importance.,0.0,0.001183432561554788,0.0,0.0013947295882914905,0.17554586369491504,0.4269998229933364,0.5028828055557986,grouped_curves_17.png,
258,extended__gate_count__x,secondary scanner,keep,Retained after categorical encoding and grouped ablation; has nonzero final fitted importance.,0.0022116399411244415,0.0014162315422821233,0.002544127846415446,0.0004640515405600223,0.02796924626190697,-0.09556874292222696,-0.17906333533439667,grouped_curves_17.png,extended__gate_freq__x
259,extended__gate_count__z,secondary scanner,keep,Retained after categorical encoding and grouped ablation; has nonzero final fitted importance.,0.0007569438403813145,0.0,0.0008145609542003625,8.9404398022958e-06,0.10897205611805952,0.08586802831658698,0.03524791337472978,grouped_curves_17.png,
260,extended__gate_freq__ccx,secondary scanner,drop,Near-perfect rank duplicate of extended__gate_count__ccx (|rho|=0.998) with lower fitted importance.,0.0018551971129134649,0.0,0.0,0.0,0.0032190482228632066,-0.04529554236891507,-0.09345854389999772,grouped_curves_17.png,extended__gate_count__ccx
261,extended__gate_freq__cp,secondary scanner,keep,Retained after categorical encoding and grouped ablation; has nonzero final fitted importance.,0.0001154471193384564,0.0,0.0001225863834689498,0.0,0.0752183297234762,-0.07082406278072732,-0.13114365015163462,grouped_curves_17.png,
262,extended__gate_freq__cx,secondary scanner,keep,Retained after categorical encoding and grouped ablation; has nonzero final fitted importance.,0.0003173129088557691,1.7931773949015097e-05,0.0003449209207759236,3.576175920891758e-05,0.06497265662675278,0.07834475455315758,0.08769294994745647,grouped_curves_17.png,
263,extended__gate_freq__h,secondary scanner,keep,Retained after categorical encoding and grouped ablation; has nonzero final fitted importance.,0.0009517746527266336,8.046395821973405e-05,0.0008718930631271474,2.682131940668966e-05,0.09741808494906767,-0.15127909359904618,-0.14812259431809652,grouped_curves_17.png,
264,extended__gate_freq__p,secondary scanner,drop,Tiny fitted importance and no clear within-setting runtime trend in the grouped curves.,0.0001076090733537204,0.0,0.0,0.0,0.10213218625941907,0.0373711478564727,-0.023248922201495617,grouped_curves_17.png,
265,extended__gate_freq__rccx,secondary scanner,drop,Tiny fitted importance and no clear within-setting runtime trend in the grouped curves.,0.0,0.00012983656925707036,0.0,0.0,0.011865008601050974,0.017065561233152546,-0.0022444069676533385,grouped_curves_17.png,
266,extended__gate_freq__rx,secondary scanner,keep,Retained after categorical encoding and grouped ablation; has nonzero final fitted importance.,0.0003103246320525604,0.0,0.00038053314500461916,0.0003179936067326641,0.4104124488039553,0.3047647129058041,0.6275751694895934,grouped_curves_17.png,
267,extended__gate_freq__rz,secondary scanner,keep,Retained after categorical encoding and grouped ablation; has nonzero final fitted importance.,0.0008293386046282441,3.9821225282234726e-16,0.0005445164591369712,2.6770617479978088e-05,0.333748777545073,0.24058179056382328,0.48053943896735823,grouped_curves_17.png,
268,extended__gate_freq__rzz,secondary scanner,drop,Near-perfect rank duplicate of extended__gate_count__rzz (|rho|=0.997) with lower fitted importance.,5.068796900190228e-05,0.0,0.0,0.0,0.26401198190310743,0.17367319645438659,0.2853168439939868,grouped_curves_17.png,extended__gate_count__rzz
269,extended__gate_freq__s,secondary scanner,keep,Retained after categorical encoding and grouped ablation; has nonzero final fitted importance.,0.0,6.69265436987474e-05,0.00014195220768086015,5.35412349592905e-05,0.25583689632365764,0.48831167856853713,0.5437122572323325,grouped_curves_17.png,
270,extended__gate_freq__sdg,secondary scanner,keep,Retained after categorical encoding and grouped ablation; has nonzero final fitted importance.,0.0005663286174606033,8.031185243833641e-05,0.00032545907996025164,5.356668213140009e-05,0.39206494131040576,0.2819059355956352,0.295918230146916,grouped_curves_17.png,
271,extended__gate_freq__swap,secondary scanner,keep,Retained after categorical encoding and grouped ablation; has nonzero final fitted importance.,0.0002116904831551381,0.0,0.00013491655296724137,0.0,0.023316708416466266,-0.11837095119213155,-0.1296293792825095,grouped_curves_17.png,
272,extended__gate_freq__t,secondary scanner,drop,Near-perfect rank duplicate of extended__gate_count__t (|rho|=0.998) with lower fitted importance.,0.0,4.01559262198324e-05,0.0,0.0,0.10997687524037933,0.07522994062429164,0.07650105334024146,grouped_curves_17.png,extended__gate_count__t
273,extended__gate_freq__tdg,secondary scanner,drop,Near-perfect rank duplicate of extended__gate_count__tdg (|rho|=0.999) with lower fitted importance.,0.0,1.3385308740120236e-05,0.0,0.0,0.08769611235476543,0.04776291250072286,-0.014664471638436096,grouped_curves_18.png,extended__gate_count__tdg
274,extended__gate_freq__x,secondary scanner,keep,Retained after categorical encoding and grouped ablation; has nonzero final fitted importance.,0.0020627296980032994,0.007157215171672758,0.002269708391609403,0.003279070308866656,0.0007703367419117278,-0.12145105517670424,-0.1975727596773768,grouped_curves_18.png,
275,extended__gate_freq__z,secondary scanner,drop,Near-perfect rank duplicate of extended__gate_count__z (|rho|=1.000) with lower fitted importance.,0.0005142891567073533,4.470219901101471e-05,0.0,0.0,0.10618945030942521,0.08231955788869104,0.032952097646311185,grouped_curves_18.png,extended__gate_count__z
276,extended__gate_type_distinct_count,secondary scanner,keep,Retained after categorical encoding and grouped ablation; has nonzero final fitted importance.,0.0,4.0155926219500136e-05,0.00016879213237430498,0.00018739432235644976,0.2428163564884076,0.32793237674009307,0.34365228312066537,grouped_curves_18.png,
277,extended__gates_per_qubit,secondary scanner,keep,Retained after categorical encoding and grouped ablation; has nonzero final fitted importance.,0.00043376318869363113,0.0,0.0005576995584765459,7.626200416759315e-05,0.6610299703185772,0.5954322332730982,0.727919479243391,grouped_curves_18.png,
278,extended__interaction_assortativity,secondary scanner,keep,Retained after categorical encoding and grouped ablation; has nonzero final fitted importance.,0.0009894065783743326,0.00017931796234139078,0.0010248050647531448,2.67706174797699e-05,0.0219407303473575,0.37943891968716414,0.26681463849470133,grouped_curves_18.png,
279,extended__interaction_clustering_coefficient,secondary scanner,keep,Retained after categorical encoding and grouped ablation; has nonzero final fitted importance.,0.0005896607127298577,0.0,0.0006906477153237032,0.0010034635940673398,0.1964524109712939,-0.18070808175882186,-0.12351507504864036,grouped_curves_18.png,
280,extended__interaction_connected_components,secondary scanner,keep,Retained after categorical encoding and grouped ablation; has nonzero final fitted importance.,0.00012364835733010964,0.0033163537885675123,0.0001687972148758177,0.0016536577115837722,0.0015721929879894776,-0.07062882851283504,-0.1869155880385777,grouped_curves_18.png,extended__interaction_largest_component_fraction
281,extended__interaction_cycle_rank_fraction,secondary scanner,keep,Retained after categorical encoding and grouped ablation; has nonzero final fitted importance.,0.0009281969169850264,0.00283411058518797,0.0009092751338207387,0.0045972072878288734,0.4400345171768166,0.1772040252656928,0.3724455332990637,grouped_curves_18.png,
282,extended__interaction_diameter,secondary scanner,keep,Retained after categorical encoding and grouped ablation; has nonzero final fitted importance.,0.0011252135365616407,2.1482568558192072e-05,0.0012303825244457931,0.000526017986927094,-0.09510650749488937,0.2554118244572918,0.20749987947119103,grouped_curves_18.png,
283,extended__interaction_distinct_pair_count,secondary scanner,keep,Retained after categorical encoding and grouped ablation; has nonzero final fitted importance.,0.000483932703087248,3.5787206381228006e-05,0.0005623100885940494,0.0002134908732842499,0.38528317875416423,0.30058645340039036,0.35543643979563366,grouped_curves_18.png,
284,extended__interaction_distinct_pair_fraction,secondary scanner,keep,Retained after categorical encoding and grouped ablation; has nonzero final fitted importance.,0.00023985382934153774,0.0,0.0004630477979043566,0.0,-0.010257458561272173,-0.27543054090717756,-0.11556778393314207,grouped_curves_18.png,
285,extended__interaction_edge_weight_max,secondary scanner,keep,Retained after categorical encoding and grouped ablation; has nonzero final fitted importance.,0.0,0.0008456408118847563,0.00020535891255142328,0.0008952980434528176,0.31230063494539817,0.18491672534598863,0.39058851074322626,grouped_curves_18.png,
286,extended__interaction_edge_weight_mean,secondary scanner,keep,Retained after categorical encoding and grouped ablation; has nonzero final fitted importance.,0.00025971452008772747,0.00023306606001085323,0.0003274505520157333,0.00021910538053274804,0.28020765155285493,0.2963450507870429,0.4351086725599291,grouped_curves_18.png,
287,extended__interaction_edge_weight_std,secondary scanner,keep,Retained after categorical encoding and grouped ablation; has nonzero final fitted importance.,0.00021725909703913877,0.0,0.0001886755343163652,0.0,0.286403345983775,0.13250608792964094,0.269233758537188,grouped_curves_18.png,
288,extended__interaction_entropy,secondary scanner,keep,Retained after categorical encoding and grouped ablation; has nonzero final fitted importance.,0.0008155209138549427,0.0003536803362002469,0.0009948999391239239,0.0006019102480770442,0.353566694740568,0.38946676514484635,0.37471535890639746,grouped_curves_18.png,
289,extended__interaction_entropy_normalized,secondary scanner,keep,Retained after categorical encoding and grouped ablation; has nonzero final fitted importance.,0.0004707520158671782,0.0,0.0005909938976233545,8.965886974474906e-06,-0.14861994310066542,0.09935521953646789,0.071632889426898,grouped_curves_19.png,
290,extended__interaction_largest_component_fraction,secondary scanner,keep,Retained after categorical encoding and grouped ablation; has nonzero final fitted importance.,0.0002746185620711653,0.032930266889040744,0.00027028410205441595,0.030121825077407953,-0.006505992585381951,0.06779450720026023,0.17795708049082667,grouped_curves_19.png,
291,extended__interaction_max_edge_weight_fraction,secondary scanner,keep,Retained after categorical encoding and grouped ablation; has nonzero final fitted importance.,0.0016812843028185694,0.002126746835216842,0.0021345669404031465,0.002242627258906489,-0.426969696216276,-0.5323089391610125,-0.4576252705480378,grouped_curves_19.png,
292,extended__interaction_max_weighted_degree,secondary scanner,keep,Retained after categorical encoding and grouped ablation; has nonzero final fitted importance.,6.713836350194761e-05,0.0,0.00018088260258697662,0.0,0.4158131661654713,0.25604228921105454,0.43212918921648874,grouped_curves_19.png,
293,extended__interaction_mean_degree,secondary scanner,keep,Retained after categorical encoding and grouped ablation; has nonzero final fitted importance.,0.00024339390472989225,0.0,0.0002857966980542945,4.9390812612614886e-05,0.3939295818027843,0.17538817413206373,0.35330247662435127,grouped_curves_19.png,
294,extended__interaction_mean_weighted_degree,secondary scanner,keep,Retained after categorical encoding and grouped ablation; has nonzero final fitted importance.,0.00018506356334679197,0.0,0.0003993986019200388,0.0003915371016246154,0.45105288299178786,0.38927557479841174,0.5540788238438679,grouped_curves_19.png,
295,extended__interaction_nontrivial_components,secondary scanner,keep,Retained after categorical encoding and grouped ablation; has nonzero final fitted importance.,0.00014686439150741754,8.965886974275605e-06,0.00029122386208732114,8.965886974341788e-06,-0.09694887542701805,-0.07663318467618314,-0.09283509775556657,grouped_curves_19.png,
296,extended__interaction_spectral_radius,secondary scanner,keep,Retained after categorical encoding and grouped ablation; has nonzero final fitted importance.,0.0001821328779855438,0.0,0.00015907319309712482,0.0,0.4657851616905153,0.3142946587277422,0.5305386010448644,grouped_curves_19.png,
297,extended__interaction_total_count,secondary scanner,keep,Retained after categorical encoding and grouped ablation; has nonzero final fitted importance.,0.0012306524798311178,0.0,0.001503063944374819,0.0,0.5078343218592062,0.444868456074851,0.6015394186935596,grouped_curves_19.png,
298,extended__multi_qubit_gate_count,secondary scanner,keep,Retained after categorical encoding and grouped ablation; has nonzero final fitted importance.,0.0,0.006937632604010343,0.0002255034624072512,0.010123939909675823,-0.1333049256024974,-0.19046918395554366,-0.28374377256323824,grouped_curves_19.png,
299,extended__multi_qubit_gate_fraction,secondary scanner,keep,Retained after categorical encoding and grouped ablation; has nonzero final fitted importance.,0.00012175858773285913,0.04641340152682937,0.00033829746896904924,0.03900232414439615,-0.1699554919875972,-0.22414081858571744,-0.30743760281175003,grouped_curves_19.png,
300,extended__num_clbits,secondary scanner,drop,Near-perfect rank duplicate of log_measurements (|rho|=0.999) with lower fitted importance.,0.0007940224019413209,0.0,0.0,0.0,-0.277384234938778,-0.18542709450703304,-0.5178249766590041,grouped_curves_19.png,log_measurements
301,extended__parameter_count,secondary scanner,keep,Retained after categorical encoding and grouped ablation; has nonzero final fitted importance.,0.0008867557397139675,6.692654369874648e-05,0.0008615904074267093,0.00010708246991785253,0.6153994083975349,0.620022470774746,0.7338901164835917,grouped_curves_19.png,
302,extended__parameterized_gate_count,secondary scanner,keep,Retained after categorical encoding and grouped ablation; has nonzero final fitted importance.,0.0009194697534877894,0.00027785689180711865,0.001067166671647671,0.00010708246991784682,0.6531125433740009,0.6051159861446083,0.7402129375325832,grouped_curves_19.png,
303,extended__qasm_version_3,secondary scanner,keep,Retained after categorical encoding and grouped ablation; has nonzero final fitted importance.,6.2425867395619e-05,0.0,0.00013187892957020612,0.0,-0.18856821000928337,-0.18459314564546586,-0.500583936284159,grouped_curves_19.png,
304,extended__quantum_register_count,secondary scanner,keep,Retained after categorical encoding and grouped ablation; has nonzero final fitted importance.,0.001304457721890336,0.0007223690168348123,0.0014134172088719095,0.0007954328283598786,0.24927099834431982,-0.1849245199327878,-0.10207073184853505,grouped_curves_19.png,
305,extended__single_qubit_gate_count,secondary scanner,keep,Retained after categorical encoding and grouped ablation; has nonzero final fitted importance.,0.0003800128200527087,0.0010132878536208716,0.0005025269837245613,0.0015630218201689967,0.6225527023752123,0.6515474712745597,0.711603515841794,grouped_curves_20.png,
306,extended__source_chars_per_line,secondary scanner,keep,Retained after categorical encoding and grouped ablation; has nonzero final fitted importance.,0.0015294236945471414,0.0,0.0013473639270169908,0.0,0.13334737617060455,-0.0007452220560016052,0.021745108768291378,grouped_curves_20.png,
307,extended__source_conditional_count,secondary scanner,drop,Near-perfect rank duplicate of log_conditional (|rho|=1.000) with lower fitted importance.,0.0005747120292951619,0.0,0.0,0.0,0.14790824872185215,0.07945544262729926,-0.06856448084973477,grouped_curves_20.png,log_conditional
308,extended__source_lines,secondary scanner,keep,Retained after categorical encoding and grouped ablation; has nonzero final fitted importance.,0.0012001815163824843,0.0,0.0015960729792209214,4.9809479921202175e-05,0.7727984771817035,0.7387584246531209,0.7804609534448257,grouped_curves_20.png,
309,extended__source_pi_token_count,secondary scanner,keep,Retained after categorical encoding and grouped ablation; has nonzero final fitted importance.,0.00023345429715160255,0.0,0.0004338831314076838,0.0,0.5543964543353356,0.5186793043096488,0.6877400291545391,grouped_curves_20.png,
310,extended__source_semicolon_count,secondary scanner,drop,Near-perfect rank duplicate of extended__source_lines (|rho|=0.995) with lower fitted importance.,0.000839751368926844,5.843427404565889e-05,0.0,0.0,0.7638604464438391,0.7299000479288609,0.7862415356179219,grouped_curves_20.png,extended__source_lines
311,extended__structural_gate_entropy_normalized,secondary scanner,keep,Retained after categorical encoding and grouped ablation; has nonzero final fitted importance.,0.00015376657609853382,5.366808598555402e-05,0.00034530065407794067,9.820988778924565e-05,-0.056674982019070425,0.12805501034826566,0.17013323486201695,grouped_curves_20.png,
312,extended__structural_mean_gate_width,secondary scanner,keep,Retained after categorical encoding and grouped ablation; has nonzero final fitted importance.,0.00019642747610317275,0.0006124785803592868,0.0003138984180186903,0.0006571287324793868,-0.06104565857294052,-0.18937560223841188,-0.19814629197588243,grouped_curves_20.png,
313,extended__supermarq_critical_depth,secondary scanner,keep,Retained after categorical encoding and grouped ablation; has nonzero final fitted importance.,0.003395035861415525,0.002502821065912626,0.003503514159329357,0.004046809078976573,-0.4809164027139557,-0.5464852312897818,-0.6665434628869591,grouped_curves_20.png,
314,extended__supermarq_entanglement_ratio,secondary scanner,keep,Retained after categorical encoding and grouped ablation; has nonzero final fitted importance.,0.0,0.0005339523453478322,0.0002040384799699547,0.0005570120707423649,0.06131496719312329,-0.07999635441543147,-0.04473655415409638,grouped_curves_20.png,
315,extended__supermarq_liveness,secondary scanner,keep,Retained after categorical encoding and grouped ablation; has nonzero final fitted importance.,0.0003806653907959604,0.0,0.0005614197861104839,0.0,0.27892477952700445,0.266329407415116,0.48805636151644605,grouped_curves_20.png,
316,extended__supermarq_measurement,secondary scanner,keep,Retained after categorical encoding and grouped ablation; has nonzero final fitted importance.,0.0009113107654811649,0.036035692567613055,0.0008069104880084332,0.04763357173768392,0.19499453910871142,0.1936095259731551,,grouped_curves_20.png,log_resets
317,extended__supermarq_parallelism,secondary scanner,keep,Retained after categorical encoding and grouped ablation; has nonzero final fitted importance.,0.0009047842927854171,0.0,0.0008022318574030371,0.0,0.31981625511496964,0.4911953915864914,0.6656950697570863,grouped_curves_20.png,
318,extended__total_gate_count,secondary scanner,drop,Near-perfect rank duplicate of extended__total_operation_count (|rho|=0.998) with lower fitted importance.,0.0011772849916817302,0.00034266790876205145,0.0,0.0,0.7444333067223726,0.7263681458932447,0.7941759061633432,grouped_curves_20.png,extended__total_operation_count
319,extended__total_operation_count,secondary scanner,keep,Retained after categorical encoding and grouped ablation; has nonzero final fitted importance.,0.0012941432339141567,0.0016094150152157851,0.001401157730976743,0.002127762243493005,0.7464242888671854,0.7340406507229432,0.792587847017559,grouped_curves_20.png,
320,extended__treewidth_min_degree,secondary scanner,drop,Near-perfect rank duplicate of extended__approx_treewidth (|rho|=0.999) with lower fitted importance.,0.00028950446533573256,0.0,0.0,0.0,0.4195056523195427,0.17300096329151313,0.4017453925415101,grouped_curves_20.png,extended__approx_treewidth
321,extended__treewidth_min_fill,secondary scanner,keep,Retained after categorical encoding and grouped ablation; has nonzero final fitted importance.,0.0011016028148477445,0.0,0.0011569057990290198,2.5447172443442826e-08,0.43810028771382586,0.23621647901309284,0.3855811075422201,grouped_curves_21.png,
322,extended__two_qubit_angle_abs_over_pi_mean,secondary scanner,keep,Retained after categorical encoding and grouped ablation; has nonzero final fitted importance.,0.0010841452813592565,0.0,0.0015392160190675617,0.0,0.16887937710184733,-0.013080189785396738,-0.02038252430490705,grouped_curves_21.png,
323,extended__two_qubit_angle_clifford_fraction,secondary scanner,keep,Retained after categorical encoding and grouped ablation; has nonzero final fitted importance.,9.307744158981424e-05,0.0003331064615565823,7.790829659347504e-05,0.00010270781321932336,0.11659918551443868,-0.07828642966267242,-0.15155184206266673,grouped_curves_21.png,
324,extended__two_qubit_angle_numeric_count,secondary scanner,keep,Retained after categorical encoding and grouped ablation; has nonzero final fitted importance.,0.0004218594026930581,0.0,0.0005946167927665232,1.8209162285224204e-05,0.2236945873353616,0.013934842361956266,0.02470751915875874,grouped_curves_21.png,
325,extended__two_qubit_gate_count,secondary scanner,keep,Retained after categorical encoding and grouped ablation; has nonzero final fitted importance.,0.001389200473832714,0.0006313529974919985,0.0015511655987865635,0.0010081208086258502,0.7155526591982174,0.6273459623876297,0.7510942327386613,grouped_curves_21.png,
326,setting_16,categorical simulator setting,keep,One-hot category used by the global model; specialists and timeout classifiers are selected by the category.,,,0.0028689526694893708,0.0,,,,setting_vs_runtime.png,
327,setting_64,categorical simulator setting,keep,One-hot category used by the global model; specialists and timeout classifiers are selected by the category.,,,0.010141083631964861,0.0,,,,setting_vs_runtime.png,
328,setting_512,categorical simulator setting,keep,One-hot category used by the global model; specialists and timeout classifiers are selected by the category.,,,0.042051189379298436,0.0,,,,setting_vs_runtime.png,
