filename,qubits,guessed_mqt_family,confidence,scaled_reference_distance,outside_reference_95pct,prob_ghz,prob_graphstate,prob_qaoa,prob_qft,prob_qnn,prob_randomcircuit,prob_vqe_su2,prob_wstate
0071a13b.qasm,47,qaoa,0.5645833333333333,6.38248910340659,1,0.0,0.0,0.5645833333333333,0.0,0.0,0.23333333333333334,0.20208333333333334,0.0
00c20ece.qasm,256,qnn,0.844834581772784,98.08486020642756,1,0.1087234706616729,0.04644194756554307,0.0,0.0,0.844834581772784,0.0,0.0,0.0
03042ac9.qasm,47,qaoa,0.5645833333333333,6.38248910340659,1,0.0,0.0,0.5645833333333333,0.0,0.0,0.23333333333333334,0.20208333333333334,0.0
03934028.qasm,128,randomcircuit,0.6854166666666667,6393.969950676193,1,0.0,0.0,0.3,0.0020833333333333333,0.0,0.6854166666666667,0.0125,0.0
03ee478e.qasm,32,qnn,0.5277777777777778,0.13722107015561907,0,0.4722222222222222,0.0,0.0,0.0,0.5277777777777778,0.0,0.0,0.0
04276362.qasm,3,qaoa,0.6994143637089667,3.388677568699856,1,0.0,0.04086341406881104,0.6994143637089667,0.04375,0.0,0.12083333333333333,0.09375,0.0013888888888888887
0491d461.qasm,16,qaoa,0.45208333333333334,5.847714346449751,1,0.0,0.0,0.45208333333333334,0.0,0.0,0.3729166666666667,0.175,0.0
0525d9ee.qasm,16,qaoa,0.45208333333333334,5.847714346449751,1,0.0,0.0,0.45208333333333334,0.0,0.0,0.3729166666666667,0.175,0.0
0534bf07.qasm,256,qnn,0.4618055555555556,98.11599271695002,1,0.10477941176470588,0.02508169934640523,0.035416666666666666,0.029166666666666667,0.4618055555555556,0.15416666666666667,0.06041666666666667,0.12916666666666668
055dc894.qasm,56,qaoa,0.5083333333333333,6.096386777126189,1,0.0,0.0,0.5083333333333333,0.0,0.0,0.2375,0.25416666666666665,0.0
056c2b99.qasm,12,qaoa,0.42916666666666664,5.249693010642526,1,0.0,0.0,0.42916666666666664,0.0,0.0,0.41875,0.15208333333333332,0.0
058c7d32.qasm,16,qaoa,0.5666666666666667,5.638952259624893,1,0.0,0.0125,0.5666666666666667,0.0125,0.0,0.24166666666666667,0.16666666666666666,0.0
067475b0.qasm,32,qaoa,0.5583333333333333,6.197837968752418,1,0.0,0.0,0.5583333333333333,0.0,0.0,0.24166666666666667,0.2,0.0
06857ab2.qasm,30,randomcircuit,1.0,4.577609393279293,1,0.0,0.0,0.0,0.0,0.0,1.0,0.0,0.0
06a7dabf.qasm,41,qaoa,0.5604166666666667,6.181703992583282,1,0.0,0.0,0.5604166666666667,0.0,0.0,0.2375,0.20208333333333334,0.0
06e45cf2.qasm,16,qaoa,0.45416666666666666,5.724084447672161,1,0.0,0.0,0.45416666666666666,0.0,0.0,0.37083333333333335,0.175,0.0
0732491c.qasm,64,qaoa,0.36875,757.9760039588077,1,0.0,0.0125,0.36875,0.17708333333333334,0.0,0.28125,0.16041666666666668,0.0
07fc5b22.qasm,16,qaoa,0.45208333333333334,5.847714346449751,1,0.0,0.0,0.45208333333333334,0.0,0.0,0.3729166666666667,0.175,0.0
08239e90.qasm,68,qaoa,0.5041666666666667,11.487209995083738,1,0.0,0.0,0.5041666666666667,0.0,0.0,0.48541666666666666,0.010416666666666666,0.0
0885b672.qasm,39,qaoa,0.5604166666666667,6.430488925939755,1,0.0,0.0,0.5604166666666667,0.0,0.0,0.2375,0.20208333333333334,0.0
0a0f4c36.qasm,32,qft,0.30833333333333335,5.812104615749356,1,0.10041262759785562,0.2152327972387457,0.06666666666666667,0.30833333333333335,0.02602124183006536,0.0,0.04583333333333333,0.2375
0b0e43d6.qasm,45,qaoa,0.5604166666666667,6.231265984558219,1,0.0,0.0,0.5604166666666667,0.0,0.0,0.2375,0.20208333333333334,0.0
0b325fdd.qasm,100,qaoa,0.5041666666666667,13.653783336140881,1,0.0,0.0,0.5041666666666667,0.0,0.0,0.48541666666666666,0.010416666666666666,0.0
0bde3200.qasm,8,qnn,0.8594179151061174,97.90219479454646,1,0.09414013732833958,0.04644194756554307,0.0,0.0,0.8594179151061174,0.0,0.0,0.0
0c0ce4a1.qasm,12,qaoa,0.42916666666666664,5.249693010642526,1,0.0,0.0,0.42916666666666664,0.0,0.0,0.41875,0.15208333333333332,0.0
0c676248.qasm,256,qnn,0.7479166666666666,1.8644176618856425,0,0.19375000000000003,0.058333333333333334,0.0,0.0,0.7479166666666666,0.0,0.0,0.0
0cc92082.qasm,13,qaoa,0.5125,7.545580338246705,1,0.0,0.008333333333333333,0.5125,0.008333333333333333,0.0,0.4583333333333333,0.0125,0.0
0cd81bd7.qasm,36,qaoa,0.5625,6.5812840050952115,1,0.0,0.0,0.5625,0.0,0.0,0.2375,0.2,0.0
0d08bd43.qasm,48,qnn,0.47222222222222227,98.21359604300363,1,0.09436274509803923,0.02508169934640523,0.035416666666666666,0.029166666666666667,0.47222222222222227,0.15416666666666667,0.06041666666666667,0.12916666666666668
0d094263.qasm,8,graphstate,0.9875816993464052,1.2971238609250182,0,0.009313725490196078,0.9875816993464052,0.003104575163398693,0.0,0.0,0.0,0.0,0.0
0d6f51b4.qasm,16,graphstate,0.6661442555720789,15.857320348455927,1,0.271355744427921,0.6661442555720789,0.0125,0.0,0.04861111111111112,0.0,0.0,0.0013888888888888887
0e8ddfa3.qasm,24,qaoa,0.5541666666666667,6.029652049243829,1,0.0,0.0,0.5541666666666667,0.0,0.0,0.24583333333333332,0.2,0.0
0ee54ab9.qasm,18,qft,0.9708333333333333,0.4381875549911864,0,0.0,0.004166666666666667,0.00625,0.9708333333333333,0.0,0.0020833333333333333,0.0,0.016666666666666666
0f6ae53c.qasm,64,qaoa,0.7777777777777778,15.809346319046243,1,0.0,0.0,0.7777777777777778,0.0020833333333333333,0.0,0.14722222222222223,0.07291666666666667,0.0
10761caa.qasm,24,qaoa,0.5541666666666667,6.089699802066391,1,0.0,0.0,0.5541666666666667,0.0,0.0,0.24583333333333332,0.2,0.0
10ea3498.qasm,140,graphstate,0.6250172693140925,30.24573575753881,1,0.3169307265275024,0.6250172693140925,0.01977124183006536,0.0,0.03441791510611735,0.0,0.0,0.003862847222222222
1154e9d9.qasm,25,qaoa,0.39305555555555555,14706.193033141439,1,0.0,0.004166666666666667,0.39305555555555555,0.14583333333333334,0.0,0.3,0.15694444444444447,0.0
12157215.qasm,54,randomcircuit,0.9986111111111111,8.829172220057718,1,0.0,0.0,0.0013888888888888887,0.0,0.0,0.9986111111111111,0.0,0.0
125f60d7.qasm,24,randomcircuit,0.7833333333333333,17.83301745737306,1,0.0,0.0,0.14791666666666667,0.025,0.0,0.7833333333333333,0.04375,0.0
138d2c7b.qasm,39,qaoa,0.5604166666666667,6.420141200383269,1,0.0,0.0,0.5604166666666667,0.0,0.0,0.2375,0.20208333333333334,0.0
13b8e3f8.qasm,28,qaoa,0.5583333333333333,6.183809092675201,1,0.0,0.0,0.5583333333333333,0.0,0.0,0.24166666666666667,0.2,0.0
13eb49aa.qasm,25,ghz,0.7330905302195785,97.89842116315096,1,0.7330905302195785,0.055322391128736145,0.0,0.0,0.21158707865168536,0.0,0.0,0.0
14019fed.qasm,128,qft,0.8729166666666667,4.563006621867008,1,0.0,0.016666666666666666,0.007638888888888889,0.8729166666666667,0.0,0.0,0.023611111111111107,0.07916666666666666
149b1e7c.qasm,88,qaoa,0.7409313725490195,12.33414439829212,1,0.0,0.006290849673202615,0.7409313725490195,0.00625,0.0,0.1625,0.08402777777777778,0.0
15434610.qasm,39,qaoa,0.5604166666666667,6.420141200383269,1,0.0,0.0,0.5604166666666667,0.0,0.0,0.2375,0.20208333333333334,0.0
159b3481.qasm,16,qaoa,0.45416666666666666,5.724084447672161,1,0.0,0.0,0.45416666666666666,0.0,0.0,0.37083333333333335,0.175,0.0
15c28669.qasm,32,qaoa,0.3645833333333333,190.26743216852523,1,0.0,0.0125,0.3645833333333333,0.17708333333333334,0.0,0.28125,0.16458333333333333,0.0
1619b169.qasm,16,qaoa,0.3645833333333333,48.97807906436479,1,0.0,0.0125,0.3645833333333333,0.17708333333333334,0.0,0.28125,0.16458333333333333,0.0
166e9d3a.qasm,16,randomcircuit,0.4270833333333333,34.087250346322364,1,0.0,0.004166666666666667,0.3743055555555556,0.13958333333333334,0.0,0.4270833333333333,0.05486111111111111,0.0
1688d759.qasm,53,qaoa,0.55625,6.791247092255235,1,0.0,0.0,0.55625,0.0,0.0,0.24375,0.2,0.0
16ff70bb.qasm,49,qaoa,0.5645833333333333,6.416323799210435,1,0.0,0.0,0.5645833333333333,0.0,0.0,0.23333333333333334,0.20208333333333334,0.0
17253376.qasm,53,qaoa,0.5541666666666667,6.440420341485857,1,0.0,0.0,0.5541666666666667,0.0,0.0,0.24166666666666667,0.20416666666666666,0.0
173d4b8b.qasm,8,qnn,0.8594179151061174,97.90219479454646,1,0.09414013732833958,0.04644194756554307,0.0,0.0,0.8594179151061174,0.0,0.0,0.0
175f2997.qasm,36,qaoa,0.5583333333333333,6.567140175909978,1,0.0,0.0,0.5583333333333333,0.0,0.0,0.24166666666666667,0.2,0.0
17e5a14b.qasm,98,qaoa,0.5041666666666667,12.3663666912406,1,0.0,0.0,0.5041666666666667,0.0,0.0,0.48541666666666666,0.010416666666666666,0.0
195099c8.qasm,256,qaoa,0.5093545751633987,18.962859907438823,1,0.0,0.021895424836601306,0.5093545751633987,0.004166666666666667,0.0,0.20833333333333334,0.2520833333333333,0.004166666666666667
19550378.qasm,8,qft,0.36666666666666664,49.173168720301184,1,0.0,0.004166666666666667,0.175,0.36666666666666664,0.0,0.35,0.10416666666666667,0.0
1959a985.qasm,56,qaoa,0.5083333333333333,6.095926031966614,1,0.0,0.0,0.5083333333333333,0.0,0.0,0.2375,0.25416666666666665,0.0
19d587f3.qasm,32,vqe_su2,1.0,0.0,0,0.0,0.0,0.0,0.0,0.0,0.0,1.0,0.0
1a554de5.qasm,45,qaoa,0.4270833333333333,9.224764200267398,1,0.0,0.0,0.4270833333333333,0.0,0.0,0.39791666666666664,0.175,0.0
1aa22822.qasm,66,qaoa,0.5041666666666667,10.194919060682095,1,0.0,0.0,0.5041666666666667,0.0,0.0,0.48541666666666666,0.010416666666666666,0.0
1af5b336.qasm,20,qaoa,0.50625,5.827093248083049,1,0.0,0.0,0.50625,0.0,0.0,0.29583333333333334,0.19791666666666666,0.0
1b91945f.qasm,16,qaoa,0.45416666666666666,5.724084447672161,1,0.0,0.0,0.45416666666666666,0.0,0.0,0.37083333333333335,0.175,0.0
1cb3c32c.qasm,60,qaoa,0.4878267973856209,10.078834469226203,1,0.0,0.00522875816993464,0.4878267973856209,0.0020833333333333333,0.0,0.425,0.07986111111111112,0.0
1d1dc1d8.qasm,50,qaoa,0.5666666666666667,6.908683831032816,1,0.0,0.0,0.5666666666666667,0.0,0.0,0.23333333333333334,0.2,0.0
1d4b1889.qasm,12,qaoa,0.43333333333333335,5.016700053883657,1,0.0,0.0,0.43333333333333335,0.0,0.0,0.4041666666666667,0.1625,0.0
1db5f683.qasm,49,qaoa,0.5645833333333333,7.017881470302366,1,0.0,0.0,0.5645833333333333,0.0,0.0,0.23333333333333334,0.20208333333333334,0.0
1f1383d7.qasm,256,qaoa,0.6156045751633987,13.314212980117988,1,0.0,0.03022875816993464,0.6156045751633987,0.004166666666666667,0.0,0.25416666666666665,0.07708333333333334,0.01875
1fd34b96.qasm,53,qaoa,0.55625,7.068273361772769,1,0.0,0.0,0.55625,0.0,0.0,0.24375,0.2,0.0
20448412.qasm,2,randomcircuit,0.7729166666666667,9.493407779940243,1,0.0,0.008333333333333333,0.20208333333333334,0.0125,0.0,0.7729166666666667,0.004166666666666667,0.0
2059c310.qasm,67,ghz,0.7470652493207021,97.945162043238,1,0.7470652493207021,0.05593100536094588,0.0,0.0,0.19700374531835202,0.0,0.0,0.0
2078a631.qasm,53,qaoa,0.55625,6.875861499420583,1,0.0,0.0,0.55625,0.0,0.0,0.24375,0.2,0.0
208334f1.qasm,128,qaoa,0.767361111111111,17.938307475884415,1,0.0,0.0,0.767361111111111,0.00625,0.0,0.15972222222222224,0.06666666666666667,0.0
2190b5a7.qasm,8,qft,0.36666666666666664,3.3158795125122924,1,0.06182853349673203,0.3402547998366013,0.041666666666666664,0.36666666666666664,0.0020833333333333333,0.0,0.041666666666666664,0.14583333333333334
231bbda3.qasm,64,qft,0.775,1.22155064029785,0,0.01701644199346405,0.19965022467320262,0.0,0.775,0.0,0.0,0.0,0.008333333333333333
235dda60.qasm,53,qaoa,0.55625,6.875861499420583,1,0.0,0.0,0.55625,0.0,0.0,0.24375,0.2,0.0
24ca3082.qasm,256,qnn,0.4618055555555556,98.1625848161171,1,0.10477941176470588,0.02508169934640523,0.035416666666666666,0.029166666666666667,0.4618055555555556,0.15416666666666667,0.06041666666666667,0.12916666666666668
25e26219.qasm,56,qaoa,0.6687091503267975,4.827365954866953,1,0.0,0.014624183006535948,0.6687091503267975,0.016666666666666666,0.0,0.004166666666666667,0.29583333333333334,0.0
25e5b703.qasm,6,qaoa,0.6947712418300653,2.0580187531492125,0,0.0,0.009395424836601307,0.6947712418300653,0.020833333333333332,0.0,0.24583333333333332,0.029166666666666667,0.0
264ca70e.qasm,43,qaoa,0.5604166666666667,6.166987608325763,1,0.0,0.0,0.5604166666666667,0.0,0.0,0.2375,0.20208333333333334,0.0
27a012bc.qasm,12,qaoa,0.42916666666666664,5.249693010642526,1,0.0,0.0,0.42916666666666664,0.0,0.0,0.41875,0.15208333333333332,0.0
27dbf314.qasm,56,randomcircuit,0.9986111111111111,9.981063402818489,1,0.0,0.0,0.0013888888888888887,0.0,0.0,0.9986111111111111,0.0,0.0
27e0ec8e.qasm,64,qaoa,0.6197712418300654,10.913652289173127,1,0.0,0.03022875816993464,0.6197712418300654,0.00625,0.0,0.23333333333333334,0.0875,0.022916666666666665
2818a462.qasm,64,graphstate,0.6291839359807592,26.551833027598796,1,0.3148473931941691,0.6291839359807592,0.01977124183006536,0.0,0.03233458177278402,0.0,0.0,0.003862847222222222
28f914b0.qasm,16,qft,0.7729166666666667,1.3862447365392003,0,0.01701644199346405,0.17881689133986928,0.004166666666666667,0.7729166666666667,0.0,0.014583333333333334,0.0,0.0125
29886bb3.qasm,20,qaoa,0.50625,5.827093248083049,1,0.0,0.0,0.50625,0.0,0.0,0.29583333333333334,0.19791666666666666,0.0
29a887f9.qasm,56,qaoa,0.48333333333333334,5.229853355333759,1,0.0,0.008333333333333333,0.48333333333333334,0.0,0.0,0.2375,0.26666666666666666,0.004166666666666667
2a04dd73.qasm,62,randomcircuit,0.9986111111111111,9.405200432835104,1,0.0,0.0,0.0013888888888888887,0.0,0.0,0.9986111111111111,0.0,0.0
2a0e53ef.qasm,92,graphstate,0.3330147116196665,3.980305003426672,1,0.3098691835114195,0.3330147116196665,0.016666666666666666,0.025,0.007116104868913857,0.0,0.09583333333333334,0.2125
2a48defb.qasm,16,qnn,0.8552512484394508,97.93428021732957,1,0.09830680399500623,0.04644194756554307,0.0,0.0,0.8552512484394508,0.0,0.0,0.0
2af6859b.qasm,47,qaoa,0.5645833333333333,6.245210467955537,1,0.0,0.0,0.5645833333333333,0.0,0.0,0.23333333333333334,0.20208333333333334,0.0
2afe3d2e.qasm,60,qaoa,0.48263888888888895,16.58892910095389,1,0.0,0.008333333333333333,0.48263888888888895,0.0,0.0,0.47708333333333336,0.030555555555555555,0.0013888888888888887
2b148d98.qasm,53,qaoa,0.5541666666666667,6.440420341485857,1,0.0,0.0,0.5541666666666667,0.0,0.0,0.24166666666666667,0.20416666666666666,0.0
2b2951ed.qasm,49,qaoa,0.5645833333333333,7.017881470302366,1,0.0,0.0,0.5645833333333333,0.0,0.0,0.23333333333333334,0.20208333333333334,0.0
2bc3295c.qasm,56,qaoa,0.648937908496732,4.05074785346976,1,0.0,0.0343954248366013,0.648937908496732,0.0125,0.0,0.004166666666666667,0.3,0.0
2cbfff1b.qasm,39,qaoa,0.5604166666666667,6.420141200383269,1,0.0,0.0,0.5604166666666667,0.0,0.0,0.2375,0.20208333333333334,0.0
2cedce95.qasm,50,qaoa,0.5666666666666667,6.908683831032816,1,0.0,0.0,0.5666666666666667,0.0,0.0,0.23333333333333334,0.2,0.0
2d399444.qasm,5,wstate,0.34444444444444444,10.153146922602449,1,0.0,0.06586341406881105,0.22233103037563337,0.10625,0.0,0.0,0.2611111111111111,0.34444444444444444
2ea1bf91.qasm,88,qaoa,0.7409313725490195,12.333916060499126,1,0.0,0.006290849673202615,0.7409313725490195,0.00625,0.0,0.1625,0.08402777777777778,0.0
3026aed7.qasm,53,qaoa,0.55625,7.068273361772769,1,0.0,0.0,0.55625,0.0,0.0,0.24375,0.2,0.0
306ac152.qasm,128,vqe_su2,0.9854166666666667,0.9869091508874942,0,0.0,0.004166666666666667,0.0,0.0,0.0,0.0,0.9854166666666667,0.010416666666666666
3099a023.qasm,2,randomcircuit,0.7833333333333333,6.693904045477615,1,0.0,0.008333333333333333,0.20416666666666666,0.0,0.0,0.7833333333333333,0.004166666666666667,0.0
31b8fb3c.qasm,64,qft,0.7625,1.2408527493241044,0,0.01391186683006536,0.2152547998366013,0.0,0.7625,0.0,0.0,0.0,0.008333333333333333
31fd025e.qasm,39,qaoa,0.5604166666666667,6.420141200383269,1,0.0,0.0,0.5604166666666667,0.0,0.0,0.2375,0.20208333333333334,0.0
320de9fb.qasm,100,qaoa,0.7027777777777777,2.95777496451238,1,0.0,0.004166666666666667,0.7027777777777777,0.08125,0.0,0.20972222222222223,0.0020833333333333333,0.0
32de9cc1.qasm,20,qaoa,0.50625,5.827093248083049,1,0.0,0.0,0.50625,0.0,0.0,0.29583333333333334,0.19791666666666666,0.0
32f44532.qasm,90,qaoa,0.4857434640522876,12.007711598813481,1,0.0,0.00522875816993464,0.4857434640522876,0.0020833333333333333,0.0,0.425,0.08194444444444444,0.0
336f664c.qasm,118,graphstate,0.49689542483660126,2.8836426460379925,0,0.02602124183006536,0.49689542483660126,0.125,0.0375,0.0020833333333333333,0.008333333333333333,0.004166666666666667,0.3
33a2f9be.qasm,28,qaoa,0.5583333333333333,6.066959867302338,1,0.0,0.0,0.5583333333333333,0.0,0.0,0.24166666666666667,0.2,0.0
33c62fb8.qasm,256,qft,0.7375,4.087392312567132,1,0.030578533496732025,0.219421466503268,0.0,0.7375,0.004166666666666667,0.0,0.0,0.008333333333333333
3436484d.qasm,32,qaoa,0.5583333333333333,6.197154447824589,1,0.0,0.0,0.5583333333333333,0.0,0.0,0.24166666666666667,0.2,0.0
36d0ea8f.qasm,64,qaoa,0.6260212418300654,10.911830839344734,1,0.0,0.03022875816993464,0.6260212418300654,0.00625,0.0,0.22916666666666666,0.08541666666666667,0.022916666666666665
36e23777.qasm,36,qaoa,0.5625,6.581466902008509,1,0.0,0.0,0.5625,0.0,0.0,0.2375,0.2,0.0
371eea68.qasm,28,graphstate,0.4927287581699346,2.9323846903919066,1,0.028104575163398694,0.4927287581699346,0.13333333333333333,0.041666666666666664,0.0,0.004166666666666667,0.004166666666666667,0.29583333333333334
376d7d92.qasm,64,wstate,0.9923611111111111,0.07718485447949437,0,0.0,0.0,0.0013888888888888887,0.0,0.0,0.0,0.00625,0.9923611111111111
37bd268c.qasm,128,graphstate,0.6196583028108246,32.77208300640378,1,0.29179796508959394,0.6196583028108246,0.011437908496732025,0.025,0.052105823602849384,0.0,0.0,0.0
3814b0b9.qasm,38,randomcircuit,1.0,3.975769776566073,1,0.0,0.0,0.0,0.0,0.0,1.0,0.0,0.0
383bbcad.qasm,16,wstate,1.0,0.1426529408904577,0,0.0,0.0,0.0,0.0,0.0,0.0,0.0,1.0
3841ff5b.qasm,53,qaoa,0.55625,6.858648780224216,1,0.0,0.0,0.55625,0.0,0.0,0.24375,0.2,0.0
385fa1b6.qasm,32,qnn,0.8510845817727841,97.96473100805186,1,0.10247347066167291,0.04644194756554307,0.0,0.0,0.8510845817727841,0.0,0.0,0.0
386534f5.qasm,45,qaoa,0.5604166666666667,6.231265984558219,1,0.0,0.0,0.5604166666666667,0.0,0.0,0.2375,0.20208333333333334,0.0
3a8d3e53.qasm,64,randomcircuit,0.69375,175.9151960111387,1,0.0,0.0,0.275,0.01875,0.0,0.69375,0.0125,0.0
3be98d6c.qasm,128,graphstate,0.9750816993464052,1.9434301249974961,0,0.003104575163398693,0.9750816993464052,0.021813725490196077,0.0,0.0,0.0,0.0,0.0
3c1f4948.qasm,9,qaoa,0.3625,20.3071442293578,1,0.0,0.0,0.3625,0.16875,0.0,0.26458333333333334,0.2,0.004166666666666667
3c2f55c1.qasm,45,qaoa,0.4895833333333333,13.377145782542213,1,0.0,0.008333333333333333,0.4895833333333333,0.0,0.0,0.48125,0.020833333333333332,0.0
3c890561.qasm,64,qft,0.5,1.6548821434712955,0,0.01701644199346405,0.18298355800653593,0.00972222222222222,0.5,0.0,0.2819444444444444,0.0,0.008333333333333333
3ccd19ee.qasm,50,qaoa,0.5666666666666667,6.9090620151472475,1,0.0,0.0,0.5666666666666667,0.0,0.0,0.23333333333333334,0.2,0.0
3db115f1.qasm,30,graphstate,0.6097624694774912,23.278725231201367,1,0.3075761513641037,0.6097624694774912,0.01977124183006536,0.016666666666666666,0.044834581772784016,0.0,0.0,0.0013888888888888887
3e2fde05.qasm,41,qaoa,0.5604166666666667,6.18222813340116,1,0.0,0.0,0.5604166666666667,0.0,0.0,0.2375,0.20208333333333334,0.0
3e730381.qasm,35,ghz,0.9666666666666667,0.13537018792986205,0,0.9666666666666667,0.0,0.0,0.0,0.03333333333333333,0.0,0.0,0.0
3eb6cff0.qasm,257,qaoa,0.3625,705.1701217713785,1,0.0,0.004166666666666667,0.3625,0.16875,0.0,0.26458333333333334,0.19583333333333333,0.004166666666666667
3eca4614.qasm,45,qaoa,0.5604166666666667,6.231265984558219,1,0.0,0.0,0.5604166666666667,0.0,0.0,0.2375,0.20208333333333334,0.0
3ee85ccf.qasm,20,qaoa,0.50625,5.914261251567809,1,0.0,0.0,0.50625,0.0,0.0,0.29583333333333334,0.19791666666666666,0.0
3f072f57.qasm,28,qaoa,0.5583333333333333,6.066959867302338,1,0.0,0.0,0.5583333333333333,0.0,0.0,0.24166666666666667,0.2,0.0
3f858470.qasm,63,qft,0.96875,0.3077731930461705,0,0.0,0.004166666666666667,0.008333333333333333,0.96875,0.0,0.0020833333333333333,0.0,0.016666666666666666
40b719e2.qasm,40,randomcircuit,1.0,5.750343148321621,1,0.0,0.0,0.0,0.0,0.0,1.0,0.0,0.0
40e78b26.qasm,20,wstate,0.7129764552122347,4.820334968893589,1,0.11219483228684735,0.06714484307299699,0.07573942498347655,0.008333333333333333,0.003472222222222222,0.0,0.020138888888888887,0.7129764552122347
41bd27aa.qasm,68,graphstate,0.46819138645626784,3.3156416857436777,1,0.28333014912425636,0.46819138645626784,0.0125,0.0125,0.010978464419475654,0.0,0.075,0.1375
42a256ea.qasm,43,qaoa,0.5645833333333333,6.296402377251835,1,0.0,0.0,0.5645833333333333,0.0,0.0,0.23333333333333334,0.20208333333333334,0.0
42a71e24.qasm,64,randomcircuit,0.4354166666666667,89.83334692686131,1,0.0,0.0125,0.40208333333333335,0.07291666666666667,0.0,0.4354166666666667,0.07708333333333334,0.0
42fa6cae.qasm,53,qaoa,0.55625,6.791247092255235,1,0.0,0.0,0.55625,0.0,0.0,0.24375,0.2,0.0
43168c33.qasm,7,wstate,0.6527777777777778,4.295737943352894,1,0.0013888888888888887,0.12730132256554308,0.16367089965667914,0.035416666666666666,0.0013888888888888887,0.0,0.018055555555555554,0.6527777777777778
4318a3ef.qasm,39,qaoa,0.5604166666666667,6.420141200383269,1,0.0,0.0,0.5604166666666667,0.0,0.0,0.2375,0.20208333333333334,0.0
4327c91d.qasm,53,qaoa,0.5541666666666667,6.440420341485857,1,0.0,0.0,0.5541666666666667,0.0,0.0,0.24166666666666667,0.20416666666666666,0.0
432efc30.qasm,8,qft,0.70625,1.4063188043959458,0,0.01701644199346405,0.1871502246732026,0.010416666666666666,0.70625,0.0,0.07083333333333333,0.0,0.008333333333333333
445caba2.qasm,8,qft,0.7666666666666667,1.349681226600152,0,0.01701644199346405,0.19548355800653594,0.0,0.7666666666666667,0.0,0.0,0.004166666666666667,0.016666666666666666
448ebca1.qasm,8,qaoa,0.42916666666666664,7.927702708039058,1,0.0,0.008333333333333333,0.42916666666666664,0.17083333333333334,0.0,0.2833333333333333,0.10833333333333334,0.0
46073cb3.qasm,128,qaoa,0.3625,3029.2295642330673,1,0.0,0.016666666666666666,0.3625,0.18125,0.0,0.28125,0.15833333333333333,0.0
46188cf9.qasm,50,qaoa,0.5666666666666667,6.908683831032816,1,0.0,0.0,0.5666666666666667,0.0,0.0,0.23333333333333334,0.2,0.0
46de7f9b.qasm,30,qaoa,0.504125816993464,7.811340550731894,1,0.0,0.006290849673202615,0.504125816993464,0.0020833333333333333,0.0,0.4375,0.05,0.0
4737100f.qasm,128,randomcircuit,0.4395833333333333,183.99162496401033,1,0.0,0.016666666666666666,0.38958333333333334,0.07708333333333334,0.0,0.4395833333333333,0.07708333333333334,0.0
474aa01a.qasm,53,qaoa,0.5541666666666667,6.476742094528047,1,0.0,0.0,0.5541666666666667,0.0,0.0,0.24166666666666667,0.20416666666666666,0.0
4846208f.qasm,15,graphstate,0.5151371275335976,4.242845678239854,1,0.14858010093082177,0.5151371275335976,0.14314138576779026,0.0625,0.007724719101123595,0.0,0.03125,0.09166666666666666
4a262567.qasm,45,qaoa,0.5604166666666667,6.231778663733008,1,0.0,0.0,0.5604166666666667,0.0,0.0,0.2375,0.20208333333333334,0.0
4a5eba47.qasm,128,wstate,0.9881944444444445,0.9447906090345625,0,0.0,0.004166666666666667,0.0013888888888888887,0.0,0.0,0.0,0.00625,0.9881944444444445
4ae57e38.qasm,32,qft,0.6756944444444445,1.2677798740578292,0,0.0,0.0,0.025,0.6756944444444445,0.0,0.2875,0.011805555555555554,0.0
4cbdcf4f.qasm,24,qaoa,0.5541666666666667,6.089824554062982,1,0.0,0.0,0.5541666666666667,0.0,0.0,0.24583333333333332,0.2,0.0
4d59437e.qasm,57,randomcircuit,0.45625,17.365114748059973,1,0.0,0.004166666666666667,0.39166666666666666,0.0,0.0,0.45625,0.14791666666666667,0.0
4d78cdd5.qasm,3,qft,0.7465277777777779,1.8854235690439556,0,0.0,0.0343954248366013,0.03852124183006536,0.7465277777777779,0.0,0.0020833333333333333,0.12430555555555554,0.05416666666666667
4dc2ff13.qasm,16,qnn,0.6624999999999999,0.16489591591936917,0,0.33582929426452224,0.0016707057354777117,0.0,0.0,0.6624999999999999,0.0,0.0,0.0
4e8df7a8.qasm,177,randomcircuit,0.45625,18.531464312104813,1,0.0,0.0,0.40625,0.0,0.0,0.45625,0.1375,0.0
4f476879.qasm,28,qaoa,0.5583333333333333,6.183035629772953,1,0.0,0.0,0.5583333333333333,0.0,0.0,0.24166666666666667,0.2,0.0
4f48ab57.qasm,16,qaoa,0.4041666666666667,23.645281548396163,1,0.0,0.0125,0.4041666666666667,0.15833333333333333,0.0,0.3145833333333333,0.10625,0.004166666666666667
4f9a3ab1.qasm,32,qaoa,0.6385212418300654,9.5621827316582,1,0.0,0.03022875816993464,0.6385212418300654,0.004166666666666667,0.0,0.225,0.08125,0.020833333333333332
4fd60583.qasm,98,qaoa,0.5041666666666667,12.366395007937271,1,0.0,0.0,0.5041666666666667,0.0,0.0,0.48541666666666666,0.010416666666666666,0.0
4ffb1090.qasm,129,qaoa,0.3625,351.0627030977627,1,0.0,0.004166666666666667,0.3625,0.16875,0.0,0.26458333333333334,0.19583333333333333,0.004166666666666667
5050d142.qasm,41,ghz,0.6928595689212014,97.92866448371886,1,0.6928595689212014,0.05705460086656386,0.004166666666666667,0.0,0.245919163545568,0.0,0.0,0.0
51b16166.qasm,24,qaoa,0.5541666666666667,6.089699802066391,1,0.0,0.0,0.5541666666666667,0.0,0.0,0.24583333333333332,0.2,0.0
51b543de.qasm,53,qaoa,0.55625,7.3038983189324735,1,0.0,0.0,0.55625,0.0,0.0,0.24375,0.2,0.0
52b00428.qasm,53,qaoa,0.55625,6.858648780224216,1,0.0,0.0,0.55625,0.0,0.0,0.24375,0.2,0.0
53442dc5.qasm,8,qft,0.7979166666666667,1.4799587093200541,0,0.012849775326797385,0.14131689133986927,0.004166666666666667,0.7979166666666667,0.0,0.014583333333333334,0.004166666666666667,0.025
5357322a.qasm,28,qaoa,0.5034313725490197,6.996771205541218,1,0.0,0.006290849673202615,0.5034313725490197,0.0020833333333333333,0.0,0.43333333333333335,0.05486111111111111,0.0
5385a9e9.qasm,47,qaoa,0.5645833333333333,6.244757193653697,1,0.0,0.0,0.5645833333333333,0.0,0.0,0.23333333333333334,0.20208333333333334,0.0
53e971c2.qasm,16,qaoa,0.8729166666666667,9.500569326756183,1,0.0,0.0,0.8729166666666667,0.0020833333333333333,0.0,0.08333333333333333,0.041666666666666664,0.0
54c8f710.qasm,8,wstate,0.49583333333333335,0.6988029530703314,0,0.448654743381435,0.03815081217412059,0.0,0.0,0.01736111111111111,0.0,0.0,0.49583333333333335
54f0b8c5.qasm,31,qaoa,0.8111111111111111,3.3059590207186953,1,0.0,0.008333333333333333,0.8111111111111111,0.0,0.0,0.16597222222222224,0.014583333333333334,0.0
551cc6ea.qasm,56,qaoa,0.5083333333333333,6.166959330622991,1,0.0,0.0,0.5083333333333333,0.0,0.0,0.2375,0.25416666666666665,0.0
568c1ef9.qasm,31,qaoa,0.5954656862745099,9.49174951577934,1,0.008504993757802747,0.04811265330102078,0.5954656862745099,0.0020833333333333333,0.0013888888888888887,0.2125,0.10555555555555557,0.02638888888888889
574915eb.qasm,85,ghz,0.5700351582580598,2.933820221308271,1,0.5700351582580598,0.15171109642358818,0.0,0.0125,0.02408707865168539,0.0,0.06666666666666667,0.175
577f5adb.qasm,115,ghz,0.7470652493207021,97.97570550696064,1,0.7470652493207021,0.05593100536094588,0.0,0.0,0.19700374531835202,0.0,0.0,0.0
587be285.qasm,36,qaoa,0.5625,6.5812840050952115,1,0.0,0.0,0.5625,0.0,0.0,0.2375,0.2,0.0
588e0101.qasm,28,graphstate,0.4693176784993023,2.7266782177378572,0,0.28489580464676495,0.4693176784993023,0.008333333333333333,0.0125,0.01661985018726592,0.0,0.0625,0.14583333333333334
591d39f6.qasm,53,qaoa,0.55625,7.068273361772769,1,0.0,0.0,0.55625,0.0,0.0,0.24375,0.2,0.0
59267ce4.qasm,32,graphstate,0.63786704464089,22.150869733605038,1,0.29676885969743705,0.63786704464089,0.016666666666666666,0.0,0.044834581772784016,0.0,0.0,0.003862847222222222
5a4964e2.qasm,53,qaoa,0.55625,7.3038983189324735,1,0.0,0.0,0.55625,0.0,0.0,0.24375,0.2,0.0
5a741dbe.qasm,18,qaoa,0.5305555555555556,7.04776350706191,1,0.0,0.0125,0.5305555555555556,0.0,0.0,0.41458333333333336,0.040972222222222215,0.0013888888888888887
5a9f20b0.qasm,53,qaoa,0.55625,6.791247092255235,1,0.0,0.0,0.55625,0.0,0.0,0.24375,0.2,0.0
5b419375.qasm,140,ghz,0.5229309812642288,3.657247166417303,1,0.5229309812642288,0.2133986067507528,0.0,0.0125,0.013670411985018727,0.0,0.0875,0.15
5b482142.qasm,2,qft,0.4569444444444445,5.404132579959543,1,0.0013888888888888887,0.07836341406881105,0.12094214148674451,0.4569444444444445,0.0013888888888888887,0.0,0.29375,0.047222222222222214
5b58ce32.qasm,4,vqe_su2,0.8694444444444446,0.6228140787837344,0,0.0,0.0010620915032679738,0.10727124183006535,0.009027777777777777,0.0,0.0,0.8694444444444446,0.013194444444444444
5c176f37.qasm,56,qaoa,0.4728758169934641,4.577199924405801,1,0.0,0.006290849673202615,0.4728758169934641,0.0,0.0,0.225,0.2916666666666667,0.004166666666666667
5c2359c8.qasm,64,qft,0.90625,3.130662874666475,1,0.0,0.004166666666666667,0.007638888888888889,0.90625,0.0,0.0,0.023611111111111107,0.058333333333333334
5cfcb9cd.qasm,128,qnn,0.844834581772784,98.03792406373998,1,0.1087234706616729,0.04644194756554307,0.0,0.0,0.844834581772784,0.0,0.0,0.0
5d14d092.qasm,45,qaoa,0.5645833333333333,6.438751697493836,1,0.0,0.0,0.5645833333333333,0.0,0.0,0.23333333333333334,0.20208333333333334,0.0
5d2b11a2.qasm,53,qaoa,0.5541666666666667,6.476240523571125,1,0.0,0.0,0.5541666666666667,0.0,0.0,0.24166666666666667,0.20416666666666666,0.0
5d565485.qasm,53,qaoa,0.5541666666666667,6.476240523571125,1,0.0,0.0,0.5541666666666667,0.0,0.0,0.24166666666666667,0.20416666666666666,0.0
5da1db4b.qasm,43,qaoa,0.5604166666666667,6.166987608325763,1,0.0,0.0,0.5604166666666667,0.0,0.0,0.2375,0.20208333333333334,0.0
5e3dc35d.qasm,8,graphstate,0.26692550557207906,4.782868288658427,1,0.10774769704230007,0.26692550557207906,0.06666666666666667,0.2375,0.021160130718954246,0.0,0.06666666666666667,0.23333333333333334
5e4c8439.qasm,20,qaoa,0.50625,5.913689102685135,1,0.0,0.0,0.50625,0.0,0.0,0.29583333333333334,0.19791666666666666,0.0
5e6b0a76.qasm,11,wstate,0.31388888888888894,6.272507048188501,1,0.0,0.056290849673202616,0.2659313725490196,0.08541666666666667,0.0,0.0,0.2784722222222223,0.31388888888888894
5eaee29f.qasm,16,qft,0.9041666666666667,2.725800539944377,0,0.0,0.004166666666666667,0.005555555555555555,0.9041666666666667,0.0,0.0,0.023611111111111107,0.0625
5ed4dd47.qasm,7,vqe_su2,0.3673611111111111,6.62663090402736,1,0.043772490269516046,0.07897202830102078,0.16575423299001246,0.06875,0.00733458177278402,0.0,0.3673611111111111,0.26805555555555555
5ee9c404.qasm,16,qft,0.5083333333333333,1.7058684992166975,0,0.01701644199346405,0.1746502246732026,0.008333333333333333,0.5083333333333333,0.0,0.2833333333333333,0.0,0.008333333333333333
5ef5ff7c.qasm,53,qaoa,0.55625,6.791247092255235,1,0.0,0.0,0.55625,0.0,0.0,0.24375,0.2,0.0
5f0ad979.qasm,41,qaoa,0.5604166666666667,6.18222813340116,1,0.0,0.0,0.5604166666666667,0.0,0.0,0.2375,0.20208333333333334,0.0
5f39af5c.qasm,2,randomcircuit,0.6458333333333334,6.0933222906590805,1,0.0,0.020833333333333332,0.23958333333333334,0.0875,0.0,0.6458333333333334,0.00625,0.0
5f6a8a9b.qasm,8,qaoa,0.5458333333333333,4.181495812147732,1,0.0,0.0,0.5458333333333333,0.15625,0.0,0.2791666666666667,0.01875,0.0
5f79d6db.qasm,41,qaoa,0.5604166666666667,6.18222813340116,1,0.0,0.0,0.5604166666666667,0.0,0.0,0.2375,0.20208333333333334,0.0
613afa2d.qasm,28,qaoa,0.5583333333333333,6.066959867302338,1,0.0,0.0,0.5583333333333333,0.0,0.0,0.24166666666666667,0.2,0.0
622c4417.qasm,53,qaoa,0.55625,6.791247092255235,1,0.0,0.0,0.55625,0.0,0.0,0.24375,0.2,0.0
635bd24f.qasm,90,qaoa,0.4857434640522876,12.007743186873116,1,0.0,0.00522875816993464,0.4857434640522876,0.0020833333333333333,0.0,0.425,0.08194444444444444,0.0
637811d8.qasm,49,qaoa,0.5645833333333333,7.017881470302366,1,0.0,0.0,0.5645833333333333,0.0,0.0,0.23333333333333334,0.20208333333333334,0.0
63aaa50d.qasm,32,qft,0.7541666666666667,1.2146028170819496,0,0.01701644199346405,0.20798355800653595,0.0020833333333333333,0.7541666666666667,0.0,0.00625,0.004166666666666667,0.008333333333333333
64273f69.qasm,36,qaoa,0.5625,6.5812840050952115,1,0.0,0.0,0.5625,0.0,0.0,0.2375,0.2,0.0
6457f235.qasm,35,ghz,0.5833581185283102,2.3186173020691765,0,0.5833581185283102,0.14563688771388705,0.004166666666666667,0.0125,0.041838327091136086,0.0,0.025,0.1875
64731b8d.qasm,51,qaoa,0.5645833333333333,6.587867050233917,1,0.0,0.0,0.5645833333333333,0.0,0.0,0.23333333333333334,0.20208333333333334,0.0
64f32748.qasm,49,qaoa,0.5645833333333333,7.017881470302366,1,0.0,0.0,0.5645833333333333,0.0,0.0,0.23333333333333334,0.20208333333333334,0.0
6533abd6.qasm,256,qft,0.6506944444444446,4.309196843607272,1,0.0,0.008333333333333333,0.035416666666666666,0.6506944444444446,0.0,0.2791666666666667,0.02638888888888889,0.0
65dcd512.qasm,32,qft,0.78125,1.219733602540589,0,0.01701644199346405,0.1871502246732026,0.0,0.78125,0.0,0.0020833333333333333,0.0,0.0125
661be484.qasm,42,randomcircuit,1.0,8.0254166655331,1,0.0,0.0,0.0,0.0,0.0,1.0,0.0,0.0
66343f14.qasm,6,graphstate,0.637901124283983,4.608644597136548,1,0.2823942498347653,0.637901124283983,0.01391186683006536,0.0,0.06440387016229714,0.0,0.0,0.0013888888888888887
6694b099.qasm,2,randomcircuit,0.7666666666666667,7.190692095567104,1,0.0,0.008333333333333333,0.20416666666666666,0.016666666666666666,0.0,0.7666666666666667,0.004166666666666667,0.0
67346cae.qasm,7,ghz,0.7524474232576929,97.8260864841384,1,0.7524474232576929,0.16304883142395538,0.02855805243445693,0.008333333333333333,0.03333333333333333,0.0,0.0,0.014279026217228463
6740a375.qasm,255,qnn,0.7479166666666666,1.8591761725674025,0,0.19375000000000003,0.058333333333333334,0.0,0.0,0.7479166666666666,0.0,0.0,0.0
6785591a.qasm,27,wstate,0.9958333333333333,0.27645452874806964,0,0.0,0.0,0.0,0.0,0.0,0.0,0.004166666666666667,0.9958333333333333
67b5fe45.qasm,64,randomcircuit,0.69375,2994.5363666191215,1,0.0,0.0,0.29375,0.0020833333333333333,0.0,0.69375,0.010416666666666666,0.0
67f3547d.qasm,16,wstate,0.5458333333333333,0.5561383777164008,0,0.420183869427921,0.023566130572079017,0.0,0.0,0.010416666666666666,0.0,0.0,0.5458333333333333
68528bdf.qasm,16,qft,0.2791666666666667,5.583661096866485,1,0.10041262759785562,0.22356613057207902,0.07083333333333333,0.2791666666666667,0.030187908496732026,0.0,0.05416666666666667,0.24166666666666667
699bd83c.qasm,256,randomcircuit,0.4395833333333333,372.99950158652416,1,0.0,0.016666666666666666,0.38958333333333334,0.07708333333333334,0.0,0.4395833333333333,0.07708333333333334,0.0
69c7223c.qasm,56,wstate,0.6972222222222222,4.205426385543934,1,0.0,0.0625,0.026388888888888892,0.05416666666666667,0.0,0.0,0.15972222222222224,0.6972222222222222
69c8191e.qasm,128,qaoa,0.6156045751633987,12.161376201150004,1,0.0,0.03022875816993464,0.6156045751633987,0.004166666666666667,0.0,0.25416666666666665,0.07708333333333334,0.01875
69cf1b12.qasm,45,qaoa,0.5645833333333333,6.438751697493836,1,0.0,0.0,0.5645833333333333,0.0,0.0,0.23333333333333334,0.20208333333333334,0.0
69e799fa.qasm,43,qaoa,0.5645833333333333,6.296402377251835,1,0.0,0.0,0.5645833333333333,0.0,0.0,0.23333333333333334,0.20208333333333334,0.0
6a5034af.qasm,160,qft,0.9354166666666667,3.468402058714068,1,0.0,0.016666666666666666,0.00625,0.9354166666666667,0.0,0.0,0.0,0.041666666666666664
6bc3891b.qasm,8,randomcircuit,0.4354166666666667,10.005654196850001,1,0.0,0.008333333333333333,0.41041666666666665,0.06875,0.0,0.4354166666666667,0.07708333333333334,0.0
6c69bcc7.qasm,47,qaoa,0.5645833333333333,6.38248910340659,1,0.0,0.0,0.5645833333333333,0.0,0.0,0.23333333333333334,0.20208333333333334,0.0
6c848dc7.qasm,8,qft,0.8631944444444444,0.9272204183196402,0,0.0,0.0,0.025,0.8631944444444444,0.0,0.1,0.011805555555555554,0.0
6d2833ea.qasm,45,qaoa,0.5645833333333333,6.438751697493836,1,0.0,0.0,0.5645833333333333,0.0,0.0,0.23333333333333334,0.20208333333333334,0.0
6da6ce61.qasm,53,qaoa,0.55625,7.008726100782137,1,0.0,0.0,0.55625,0.0,0.0,0.24375,0.2,0.0
6de17b5a.qasm,256,graphstate,0.9846762663398693,2.2781412125582903,0,0.00805249183006536,0.9846762663398693,0.00727124183006536,0.0,0.0,0.0,0.0,0.0
6ee18f92.qasm,25,ghz,0.7330905302195785,97.89842116315096,1,0.7330905302195785,0.055322391128736145,0.0,0.0,0.21158707865168536,0.0,0.0,0.0
6f16ddc6.qasm,10,qaoa,0.7298840890522876,5.989286880296001,1,0.0,0.0402547998366013,0.7298840890522876,0.008333333333333333,0.0,0.025,0.14861111111111114,0.04791666666666667
6f6328cc.qasm,30,qaoa,0.504125816993464,7.811087560009133,1,0.0,0.006290849673202615,0.504125816993464,0.0020833333333333333,0.0,0.4375,0.05,0.0
6fef948c.qasm,18,randomcircuit,0.875,6.437943029862933,1,0.0,0.0,0.11875,0.0,0.0,0.875,0.00625,0.0
700c376b.qasm,50,qaoa,0.5666666666666667,6.9090620151472475,1,0.0,0.0,0.5666666666666667,0.0,0.0,0.23333333333333334,0.2,0.0
7063be19.qasm,53,qaoa,0.55625,6.858648780224216,1,0.0,0.0,0.55625,0.0,0.0,0.24375,0.2,0.0
70d5d461.qasm,56,qaoa,0.5125,5.281972100049267,1,0.0,0.016666666666666666,0.5125,0.004166666666666667,0.0,0.25416666666666665,0.2125,0.0
711cdd0b.qasm,36,qaoa,0.5583333333333333,6.567477053961899,1,0.0,0.0,0.5583333333333333,0.0,0.0,0.24166666666666667,0.2,0.0
72b5f996.qasm,64,graphstate,0.6071583028108246,30.399765352744282,1,0.3022146317562606,0.6071583028108246,0.011437908496732025,0.025,0.05418915693618272,0.0,0.0,0.0
72cc2f13.qasm,36,qaoa,0.5041666666666667,8.46430227986865,1,0.0,0.0,0.5041666666666667,0.0,0.0,0.48125,0.014583333333333334,0.0
72d8892d.qasm,64,graphstate,0.9792483660130719,1.4198472843751058,0,0.003104575163398693,0.9792483660130719,0.01764705882352941,0.0,0.0,0.0,0.0,0.0
73191d24.qasm,15,qaoa,0.6952247191011236,5.005220895025007,1,0.0,0.00894194756554307,0.6952247191011236,0.058333333333333334,0.0,0.022916666666666665,0.21458333333333332,0.0
7337baba.qasm,2,graphstate,0.4088290085463024,6.484873448881983,1,0.16289426819416902,0.4088290085463024,0.005578533496732026,0.3125,0.10880930087390762,0.0,0.0,0.0013888888888888887
733f4518.qasm,48,randomcircuit,0.5611111111111112,8.947697908453373,1,0.0,0.0,0.42638888888888893,0.0020833333333333333,0.0,0.5611111111111112,0.010416666666666666,0.0
73f498a0.qasm,16,randomcircuit,0.4354166666666667,20.880486599113716,1,0.0,0.008333333333333333,0.40625,0.07291666666666667,0.0,0.4354166666666667,0.07708333333333334,0.0
742bfb51.qasm,97,randomcircuit,0.45625,17.931774838670606,1,0.0,0.004166666666666667,0.39791666666666664,0.0,0.0,0.45625,0.14166666666666666,0.0
749ea355.qasm,256,graphstate,0.6363249694774912,34.62723099530487,1,0.2772146317562606,0.6363249694774912,0.011437908496732025,0.025,0.050022490269516044,0.0,0.0,0.0
7513561e.qasm,53,qaoa,0.5541666666666667,6.476240523571125,1,0.0,0.0,0.5541666666666667,0.0,0.0,0.24166666666666667,0.20416666666666666,0.0
75137edd.qasm,32,qft,0.9125,2.992141617439759,1,0.0,0.004166666666666667,0.0013888888888888887,0.9125,0.0,0.0,0.023611111111111107,0.058333333333333334
751d7ced.qasm,50,qaoa,0.5666666666666667,6.467416862871034,1,0.0,0.0,0.5666666666666667,0.0,0.0,0.23333333333333334,0.2,0.0
752a65aa.qasm,43,qaoa,0.5645833333333333,6.295929837987839,1,0.0,0.0,0.5645833333333333,0.0,0.0,0.23333333333333334,0.20208333333333334,0.0
7548d858.qasm,16,qaoa,0.45208333333333334,5.847714346449751,1,0.0,0.0,0.45208333333333334,0.0,0.0,0.3729166666666667,0.175,0.0
758554e0.qasm,16,qaoa,0.3854166666666667,752.8033812770759,1,0.0,0.004166666666666667,0.3854166666666667,0.17083333333333334,0.0,0.2791666666666667,0.16041666666666668,0.0
75bd5cbf.qasm,65,wstate,0.39166666666666666,4.675064894168703,1,0.253026146085775,0.20561149436366316,0.0013888888888888887,0.020833333333333332,0.0038623595505617976,0.0,0.12361111111111112,0.39166666666666666
76034335.qasm,16,graphstate,0.9906862745098038,1.2940204033279397,0,0.006209150326797386,0.9906862745098038,0.003104575163398693,0.0,0.0,0.0,0.0,0.0
76d0b692.qasm,66,qaoa,0.5041666666666667,10.197480449579729,1,0.0,0.0,0.5041666666666667,0.0,0.0,0.48541666666666666,0.010416666666666666,0.0
77a3a480.qasm,39,qaoa,0.5604166666666667,6.429975390499157,1,0.0,0.0,0.5604166666666667,0.0,0.0,0.2375,0.20208333333333334,0.0
78adf5c7.qasm,112,graphstate,0.4138520840218109,4.337584173381347,1,0.3251694515587133,0.4138520840218109,0.016666666666666666,0.016666666666666666,0.010978464419475658,0.0,0.07916666666666666,0.1375
78f96e37.qasm,32,qaoa,0.5583333333333333,6.197837968752418,1,0.0,0.0,0.5583333333333333,0.0,0.0,0.24166666666666667,0.2,0.0
79b12d71.qasm,43,qaoa,0.5604166666666667,6.166987608325763,1,0.0,0.0,0.5604166666666667,0.0,0.0,0.2375,0.20208333333333334,0.0
7a0c7e70.qasm,48,randomcircuit,0.9986111111111111,5.945994415498563,1,0.0,0.0,0.0013888888888888887,0.0,0.0,0.9986111111111111,0.0,0.0
7a1c98cc.qasm,17,graphstate,0.777124183006536,3.546786556483025,1,0.03643790849673203,0.777124183006536,0.04893790849673203,0.025,0.004166666666666667,0.0,0.0,0.10833333333333334
7a79f013.qasm,256,qaoa,0.4,372.54698050361384,1,0.0,0.0125,0.4,0.08333333333333333,0.0,0.39375,0.10625,0.004166666666666667
7aad2132.qasm,53,qaoa,0.55625,7.068273361772769,1,0.0,0.0,0.55625,0.0,0.0,0.24375,0.2,0.0
7afdbe61.qasm,28,qaoa,0.5034313725490197,6.996116160442044,1,0.0,0.006290849673202615,0.5034313725490197,0.0020833333333333333,0.0,0.43333333333333335,0.05486111111111111,0.0
7b19558f.qasm,128,qft,0.7375,3.382934829501974,1,0.030578533496732025,0.219421466503268,0.0,0.7375,0.004166666666666667,0.0,0.0,0.008333333333333333
7bab61ca.qasm,128,wstate,0.6020833333333333,1.0231021000105205,0,0.21875000000000003,0.008333333333333333,0.0,0.0,0.16875,0.0,0.0020833333333333333,0.6020833333333333
7be7d477.qasm,53,qaoa,0.55625,6.926257496049279,1,0.0,0.0,0.55625,0.0,0.0,0.24375,0.2,0.0
7bf0f1bc.qasm,49,qaoa,0.5645833333333333,6.416323799210435,1,0.0,0.0,0.5645833333333333,0.0,0.0,0.23333333333333334,0.20208333333333334,0.0
7c9f6bae.qasm,50,qaoa,0.5666666666666667,6.467416862871034,1,0.0,0.0,0.5666666666666667,0.0,0.0,0.23333333333333334,0.2,0.0
7d6d9a38.qasm,53,qaoa,0.55625,7.3038983189324735,1,0.0,0.0,0.55625,0.0,0.0,0.24375,0.2,0.0
7db40afb.qasm,3,graphstate,0.4005185670944407,2.7819351961424648,0,0.38442348030035983,0.4005185670944407,0.009745200163398693,0.025,0.17892386355291173,0.0,0.0,0.0013888888888888887
7fdad0c4.qasm,53,qaoa,0.55625,6.858648780224216,1,0.0,0.0,0.55625,0.0,0.0,0.24375,0.2,0.0
81af3d74.qasm,14,graphstate,0.6966318526474259,21.753639216979764,1,0.25336814735257396,0.6966318526474259,0.008333333333333333,0.025,0.0125,0.0,0.0,0.004166666666666667
81f388c7.qasm,16,qft,0.7729166666666667,1.2352354843599411,0,0.01701644199346405,0.19548355800653594,0.0020833333333333333,0.7729166666666667,0.0,0.0,0.004166666666666667,0.008333333333333333
81fdeb0a.qasm,3,wstate,0.6006944444444445,3.196249339985563,1,0.02619290225453477,0.12230940070316515,0.13552547482007785,0.1,0.003472222222222222,0.0,0.011805555555555554,0.6006944444444445
827a3442.qasm,3,qft,0.6854166666666667,2.2005419694302337,0,0.0,0.0468954248366013,0.03227124183006536,0.6854166666666667,0.0,0.020833333333333332,0.00625,0.20833333333333334
82b89c68.qasm,58,qaoa,0.6044934640522875,10.315174513853712,1,0.0,0.009395424836601307,0.6044934640522875,0.0020833333333333333,0.0,0.29583333333333334,0.08819444444444445,0.0
831c33e1.qasm,53,qaoa,0.55625,6.926257496049279,1,0.0,0.0,0.55625,0.0,0.0,0.24375,0.2,0.0
8335b01d.qasm,23,ghz,0.9576388888888889,0.1001320573349516,0,0.9576388888888889,0.004166666666666667,0.0,0.0,0.03819444444444445,0.0,0.0,0.0
834596bc.qasm,128,qaoa,0.4479166666666667,149.20290398927997,1,0.0,0.004166666666666667,0.4479166666666667,0.07291666666666667,0.0,0.44166666666666665,0.03333333333333333,0.0
83b22dc5.qasm,24,qaoa,0.5541666666666667,6.029652049243829,1,0.0,0.0,0.5541666666666667,0.0,0.0,0.24583333333333332,0.2,0.0
8400dcc1.qasm,256,qnn,0.7479166666666666,1.866141897810861,0,0.19375000000000003,0.058333333333333334,0.0,0.0,0.7479166666666666,0.0,0.0,0.0
8422040e.qasm,65,ghz,0.7683823529411764,0.03252473992941528,0,0.7683823529411764,0.0010620915032679738,0.0,0.0,0.23055555555555554,0.0,0.0,0.0
84fe3fba.qasm,34,qaoa,0.5041666666666667,7.090359944425062,1,0.0,0.0,0.5041666666666667,0.0,0.0,0.48541666666666666,0.010416666666666666,0.0
85317608.qasm,32,vqe_su2,1.0,0.024430977915123206,0,0.0,0.0,0.0,0.0,0.0,0.0,1.0,0.0
85863407.qasm,47,qaoa,0.5645833333333333,6.244757193653697,1,0.0,0.0,0.5645833333333333,0.0,0.0,0.23333333333333334,0.20208333333333334,0.0
860cc392.qasm,47,qaoa,0.5645833333333333,6.244757193653697,1,0.0,0.0,0.5645833333333333,0.0,0.0,0.23333333333333334,0.20208333333333334,0.0
86464ad3.qasm,8,qft,0.875,2.2635818247586728,0,0.0,0.008333333333333333,0.013888888888888888,0.875,0.0,0.0,0.027777777777777776,0.075
871618c1.qasm,32,qaoa,0.5583333333333333,6.2423419077178846,1,0.0,0.0,0.5583333333333333,0.0,0.0,0.24166666666666667,0.2,0.0
8732dc00.qasm,64,vqe_su2,0.99375,8.429369702178807e-08,0,0.0,0.0,0.0,0.0,0.0,0.0,0.99375,0.00625
884b47f6.qasm,56,qaoa,0.5125,5.379574892193308,1,0.0,0.016666666666666666,0.5125,0.004166666666666667,0.0,0.25416666666666665,0.2125,0.0
885efe5b.qasm,24,qaoa,0.5541666666666667,6.029652659201609,1,0.0,0.0,0.5541666666666667,0.0,0.0,0.24583333333333332,0.2,0.0
8930abda.qasm,128,qnn,0.7777777777777778,0.9388067406447,0,0.19722222222222224,0.025,0.0,0.0,0.7777777777777778,0.0,0.0,0.0
896404d8.qasm,34,qaoa,0.5041666666666667,7.078550864344952,1,0.0,0.0,0.5041666666666667,0.0,0.0,0.48541666666666666,0.010416666666666666,0.0
8a146ce3.qasm,30,randomcircuit,1.0,5.396575935312682,1,0.0,0.0,0.0,0.0,0.0,1.0,0.0,0.0
8a1c1c3f.qasm,8,vqe_su2,1.0,0.06420429175357108,0,0.0,0.0,0.0,0.0,0.0,0.0,1.0,0.0
8a2ab626.qasm,53,qaoa,0.5541666666666667,6.440940615824444,1,0.0,0.0,0.5541666666666667,0.0,0.0,0.24166666666666667,0.20416666666666666,0.0
8b77bf87.qasm,256,vqe_su2,0.9770833333333333,1.9277761236908166,0,0.0,0.0125,0.0,0.0,0.0,0.0,0.9770833333333333,0.010416666666666666
8bd576fc.qasm,56,qaoa,0.5125,5.281972100049267,1,0.0,0.016666666666666666,0.5125,0.004166666666666667,0.0,0.25416666666666665,0.2125,0.0
8c01a935.qasm,115,ghz,0.4727257575548947,3.580177662723353,1,0.4727257575548947,0.14068716379341994,0.004166666666666667,0.020833333333333332,0.011587078651685394,0.0,0.10416666666666667,0.24583333333333332
8d5010bc.qasm,16,graphstate,0.6227628779742233,22.884029607578714,1,0.2924924095340384,0.6227628779742233,0.008333333333333333,0.025,0.05141137915840493,0.0,0.0,0.0
8d9d4033.qasm,20,qaoa,0.50625,5.9139676386658575,1,0.0,0.0,0.50625,0.0,0.0,0.29583333333333334,0.19791666666666666,0.0
8e84b85a.qasm,8,qaoa,0.3770833333333333,15.382343995949354,1,0.0,0.020833333333333332,0.3770833333333333,0.1625,0.0,0.3020833333333333,0.1375,0.0
8e9564e3.qasm,41,qaoa,0.5604166666666667,6.181703992583282,1,0.0,0.0,0.5604166666666667,0.0,0.0,0.2375,0.20208333333333334,0.0
8f4e1b64.qasm,36,qaoa,0.5041666666666667,8.464304317620616,1,0.0,0.0,0.5041666666666667,0.0,0.0,0.48125,0.014583333333333334,0.0
8f564e3e.qasm,53,qaoa,0.55625,6.858648780224216,1,0.0,0.0,0.55625,0.0,0.0,0.24375,0.2,0.0
8f8fbcbd.qasm,58,randomcircuit,0.9986111111111111,6.129816310039919,1,0.0,0.0,0.0013888888888888887,0.0,0.0,0.9986111111111111,0.0,0.0
8fb9e9ac.qasm,63,qaoa,0.5527777777777778,3.7670367467140475,1,0.0,0.0,0.5527777777777778,0.0,0.0,0.43680555555555556,0.010416666666666666,0.0
9143d50f.qasm,256,qaoa,0.6156045751633987,13.314946401522885,1,0.0,0.03022875816993464,0.6156045751633987,0.004166666666666667,0.0,0.25416666666666665,0.07708333333333334,0.01875
917fa943.qasm,56,qaoa,0.5131944444444445,4.732840900923991,1,0.0,0.025,0.5131944444444445,0.008333333333333333,0.0,0.21805555555555556,0.23541666666666666,0.0
92f98bb3.qasm,12,qaoa,0.43333333333333335,5.016700053883657,1,0.0,0.0,0.43333333333333335,0.0,0.0,0.4041666666666667,0.1625,0.0
933b305c.qasm,45,qaoa,0.5645833333333333,6.438751697493836,1,0.0,0.0,0.5645833333333333,0.0,0.0,0.23333333333333334,0.20208333333333334,0.0
93865be7.qasm,4,qnn,0.8594179151061174,97.86213144258598,1,0.09414013732833958,0.04644194756554307,0.0,0.0,0.8594179151061174,0.0,0.0,0.0
9395edc6.qasm,13,graphstate,0.4043565717485496,2.442983374298829,0,0.08314342825145041,0.4043565717485496,0.15,0.06666666666666667,0.0,0.0,0.04583333333333333,0.25
93c78575.qasm,51,qaoa,0.5645833333333333,6.65115068379693,1,0.0,0.0,0.5645833333333333,0.0,0.0,0.23333333333333334,0.20208333333333334,0.0
9429600a.qasm,49,qaoa,0.5645833333333333,6.416323799210435,1,0.0,0.0,0.5645833333333333,0.0,0.0,0.23333333333333334,0.20208333333333334,0.0
94f4e26a.qasm,53,qaoa,0.55625,7.008726100782137,1,0.0,0.0,0.55625,0.0,0.0,0.24375,0.2,0.0
950704f2.qasm,128,qft,0.4875,3.5683952966834958,1,0.03368310866013072,0.18298355800653593,0.008333333333333333,0.4875,0.004166666666666667,0.275,0.0,0.008333333333333333
954ad251.qasm,2,qft,0.4166666666666667,5.670049362803589,1,0.01074346405228758,0.17801363874201365,0.0677967166501432,0.4166666666666667,0.003472222222222222,0.0,0.00486111111111111,0.31844618055555557
957c248b.qasm,32,qft,0.5041666666666667,1.6254762848773705,0,0.01701644199346405,0.17881689133986928,0.008333333333333333,0.5041666666666667,0.0,0.2833333333333333,0.0,0.008333333333333333
964382be.qasm,53,qaoa,0.55625,7.008726100782137,1,0.0,0.0,0.55625,0.0,0.0,0.24375,0.2,0.0
965eb08c.qasm,43,qaoa,0.5604166666666667,6.166987608325763,1,0.0,0.0,0.5604166666666667,0.0,0.0,0.2375,0.20208333333333334,0.0
96876fa5.qasm,16,randomcircuit,0.7125,482.0510373085544,1,0.0,0.0,0.2791666666666667,0.0,0.0,0.7125,0.008333333333333333,0.0
96f82da7.qasm,256,graphstate,0.6458506026474259,32.171479827178246,1,0.3044307265275024,0.6458506026474259,0.01977124183006536,0.0,0.026084581772784016,0.0,0.0,0.003862847222222222
981d8651.qasm,128,qnn,0.7527777777777778,0.940553003717753,0,0.22222222222222224,0.025,0.0,0.0,0.7527777777777778,0.0,0.0,0.0
9a442b56.qasm,90,qaoa,0.4857434640522876,12.007838250991925,1,0.0,0.00522875816993464,0.4857434640522876,0.0020833333333333333,0.0,0.425,0.08194444444444444,0.0
9c6b6510.qasm,256,qaoa,0.7715277777777777,19.653649084676506,1,0.0,0.0,0.7715277777777777,0.00625,0.0,0.15972222222222224,0.0625,0.0
9ccf974e.qasm,9,graphstate,0.5528959664390101,3.6082139599677934,1,0.15763036897811558,0.5528959664390101,0.11330325259785563,0.0375,0.00950374531835206,0.0,0.004166666666666667,0.125
9d76010e.qasm,78,ghz,0.5819444444444444,0.2719234728460613,0,0.5819444444444444,0.0,0.0,0.0,0.41805555555555557,0.0,0.0,0.0
9d7cbc78.qasm,12,qaoa,0.43333333333333335,5.016700053883657,1,0.0,0.0,0.43333333333333335,0.0,0.0,0.4041666666666667,0.1625,0.0
9d7e60b6.qasm,256,qaoa,0.5888888888888888,13.243269963156854,1,0.004946941323345818,0.0422752808988764,0.5888888888888888,0.0020833333333333333,0.0013888888888888887,0.25,0.0923611111111111,0.018055555555555554
9e3be92a.qasm,128,qft,0.4875,3.568474738862331,1,0.03368310866013072,0.18298355800653593,0.008333333333333333,0.4875,0.004166666666666667,0.275,0.0,0.008333333333333333
9ea3bed5.qasm,2,randomcircuit,0.7666666666666667,6.442775168998443,1,0.0,0.008333333333333333,0.20416666666666666,0.016666666666666666,0.0,0.7666666666666667,0.004166666666666667,0.0
9f744e04.qasm,30,randomcircuit,1.0,3.3073320326681,1,0.0,0.0,0.0,0.0,0.0,1.0,0.0,0.0
a0a79499.qasm,16,qft,0.6715277777777778,1.218526087943761,0,0.0,0.0,0.025,0.6715277777777778,0.0,0.2916666666666667,0.011805555555555554,0.0
a0b53b67.qasm,64,graphstate,0.501062091503268,2.6302841846214204,0,0.028104575163398694,0.501062091503268,0.125,0.0375,0.0,0.004166666666666667,0.004166666666666667,0.3
a169a3ba.qasm,39,qaoa,0.5604166666666667,6.430488925939755,1,0.0,0.0,0.5604166666666667,0.0,0.0,0.2375,0.20208333333333334,0.0
a1b3d3aa.qasm,32,qaoa,0.4041666666666667,42.17877171113963,1,0.0,0.0125,0.4041666666666667,0.14583333333333334,0.0,0.32708333333333334,0.10625,0.004166666666666667
a1bc8d56.qasm,20,qaoa,0.50625,5.827093248083049,1,0.0,0.0,0.50625,0.0,0.0,0.29583333333333334,0.19791666666666666,0.0
a3cb01ca.qasm,24,qaoa,0.5541666666666667,6.029654414385895,1,0.0,0.0,0.5541666666666667,0.0,0.0,0.24583333333333332,0.2,0.0
a409aaa1.qasm,32,randomcircuit,0.4354166666666667,43.32241012052751,1,0.0,0.008333333333333333,0.40625,0.07291666666666667,0.0,0.4354166666666667,0.07708333333333334,0.0
a440a477.qasm,26,wstate,0.3875,3.615988827549191,1,0.22551595661672902,0.245925990948814,0.00972222222222222,0.016666666666666666,0.0035580524344569287,0.0,0.11111111111111112,0.3875
a44fdc9f.qasm,127,qaoa,0.5888888888888888,12.113941245358044,1,0.004946941323345818,0.0422752808988764,0.5888888888888888,0.0020833333333333333,0.0013888888888888887,0.25,0.0923611111111111,0.018055555555555554
a4f95806.qasm,16,vqe_su2,1.0,8.429369702178807e-08,0,0.0,0.0,0.0,0.0,0.0,0.0,1.0,0.0
a75c691c.qasm,28,qaoa,0.5034313725490197,6.996771205541218,1,0.0,0.006290849673202615,0.5034313725490197,0.0020833333333333333,0.0,0.43333333333333335,0.05486111111111111,0.0
a8818670.qasm,32,ghz,0.9840277777777777,0.03889563969204118,0,0.9840277777777777,0.0,0.0,0.0,0.01597222222222222,0.0,0.0,0.0
a8b40b61.qasm,43,qaoa,0.5604166666666667,6.166987608325763,1,0.0,0.0,0.5604166666666667,0.0,0.0,0.2375,0.20208333333333334,0.0
a8dfab96.qasm,20,qaoa,0.50625,5.9136799246154865,1,0.0,0.0,0.50625,0.0,0.0,0.29583333333333334,0.19791666666666666,0.0
a9091180.qasm,49,qaoa,0.5645833333333333,6.416323799210435,1,0.0,0.0,0.5645833333333333,0.0,0.0,0.23333333333333334,0.20208333333333334,0.0
aa41f5f1.qasm,51,qaoa,0.5645833333333333,6.587867050233917,1,0.0,0.0,0.5645833333333333,0.0,0.0,0.23333333333333334,0.20208333333333334,0.0
aac529b2.qasm,128,qft,0.6548611111111112,3.522212184253838,1,0.0,0.008333333333333333,0.035416666666666666,0.6548611111111112,0.0,0.2791666666666667,0.022222222222222223,0.0
aaf05f5c.qasm,28,qaoa,0.5583333333333333,6.183809092675201,1,0.0,0.0,0.5583333333333333,0.0,0.0,0.24166666666666667,0.2,0.0
ab65fd24.qasm,53,qaoa,0.55625,7.068273361772769,1,0.0,0.0,0.55625,0.0,0.0,0.24375,0.2,0.0
ab8a1b3c.qasm,56,qaoa,0.5125,5.079041073403174,1,0.0,0.016666666666666666,0.5125,0.004166666666666667,0.0,0.25416666666666665,0.2125,0.0
ab964bf6.qasm,28,qaoa,0.5583333333333333,6.183809092675201,1,0.0,0.0,0.5583333333333333,0.0,0.0,0.24166666666666667,0.2,0.0
aceda861.qasm,256,wstate,0.6145833333333334,1.916526267435765,0,0.0736111111111111,0.025,0.0,0.0,0.28472222222222227,0.0,0.0020833333333333333,0.6145833333333334
ad2439c7.qasm,53,qaoa,0.55625,6.875861499420583,1,0.0,0.0,0.55625,0.0,0.0,0.24375,0.2,0.0
ad74d7c1.qasm,32,qaoa,0.45,34.13510133499005,1,0.0,0.004166666666666667,0.45,0.1625,0.0,0.325,0.058333333333333334,0.0
aed3c1af.qasm,43,qaoa,0.5645833333333333,6.296402377251835,1,0.0,0.0,0.5645833333333333,0.0,0.0,0.23333333333333334,0.20208333333333334,0.0
af2659f0.qasm,4,wstate,0.53125,1.7746468401404505,0,0.0,0.0777547998366013,0.12432853349673204,0.035416666666666666,0.0,0.0,0.23125,0.53125
af88ad19.qasm,17,qaoa,0.3625,42.459903132262895,1,0.0,0.0,0.3625,0.16875,0.0,0.26458333333333334,0.2,0.004166666666666667
af8b17d0.qasm,4,ghz,0.7203909864507605,1.022095904397568,0,0.7203909864507605,0.05635682878020124,0.0,0.0,0.22008426966292116,0.0,0.0,0.003167915106117353
b06c81ca.qasm,36,qaoa,0.5583333333333333,6.567477053961899,1,0.0,0.0,0.5583333333333333,0.0,0.0,0.24166666666666667,0.2,0.0
b11883af.qasm,8,randomcircuit,0.8416666666666667,109.04393529940688,1,0.0,0.0,0.15833333333333333,0.0,0.0,0.8416666666666667,0.0,0.0
b1ea1d60.qasm,128,vqe_su2,0.9854166666666667,0.9840668893029559,0,0.0,0.004166666666666667,0.0,0.0,0.0,0.0,0.9854166666666667,0.010416666666666666
b2346111.qasm,20,qaoa,0.3958333333333333,2821.4224907250173,1,0.0,0.004166666666666667,0.3958333333333333,0.17291666666666666,0.0,0.2833333333333333,0.14375,0.0
b38d732e.qasm,29,qft,0.9708333333333333,0.3493140966124271,0,0.0,0.004166666666666667,0.00625,0.9708333333333333,0.0,0.0020833333333333333,0.0,0.016666666666666666
b469b640.qasm,4,qaoa,0.4638888888888889,8.483437822521505,1,0.0,0.0,0.4638888888888889,0.0,0.0,0.45208333333333334,0.08263888888888889,0.0013888888888888887
b4976343.qasm,32,qaoa,0.6385212418300654,9.542187631438864,1,0.0,0.03022875816993464,0.6385212418300654,0.004166666666666667,0.0,0.225,0.08125,0.020833333333333332
b4c090da.qasm,18,qaoa,0.5419934640522875,7.251358686996505,1,0.0,0.01772875816993464,0.5419934640522875,0.004166666666666667,0.0,0.20416666666666666,0.18819444444444447,0.04375
b5baa095.qasm,83,ghz,0.7470652493207021,97.95667883709979,1,0.7470652493207021,0.05593100536094588,0.0,0.0,0.19700374531835202,0.0,0.0,0.0
b5be0645.qasm,21,randomcircuit,0.46458333333333335,15.25117816727144,1,0.0,0.008333333333333333,0.4041666666666667,0.0,0.0,0.46458333333333335,0.12291666666666666,0.0
b601af0f.qasm,7,randomcircuit,0.8958333333333334,1.5882375479940938,0,0.0,0.0,0.01875,0.07916666666666666,0.0,0.8958333333333334,0.00625,0.0
b630efea.qasm,24,qaoa,0.5541666666666667,6.0898288657183794,1,0.0,0.0,0.5541666666666667,0.0,0.0,0.24583333333333332,0.2,0.0
b680d160.qasm,51,qaoa,0.5645833333333333,6.587867050233917,1,0.0,0.0,0.5645833333333333,0.0,0.0,0.23333333333333334,0.20208333333333334,0.0
b7694c8e.qasm,88,qaoa,0.7409313725490195,12.334097092726665,1,0.0,0.006290849673202615,0.7409313725490195,0.00625,0.0,0.1625,0.08402777777777778,0.0
b792cc98.qasm,3,vqe_su2,0.5395833333333333,6.5160700444488215,1,0.02849471249173827,0.11442954464089004,0.16988004998347653,0.05277777777777778,0.014279026217228463,0.0,0.5395833333333333,0.08055555555555556
b97c72bf.qasm,32,qaoa,0.8166666666666667,13.110248938279705,1,0.0,0.0,0.8166666666666667,0.0020833333333333333,0.0,0.10416666666666667,0.07708333333333334,0.0
b9ba0e84.qasm,56,qaoa,0.5791666666666667,5.214444309184033,1,0.0,0.0,0.5791666666666667,0.008333333333333333,0.0,0.25833333333333336,0.15416666666666667,0.0
ba0c09b8.qasm,47,qaoa,0.5645833333333333,6.244757193653697,1,0.0,0.0,0.5645833333333333,0.0,0.0,0.23333333333333334,0.20208333333333334,0.0
bb291a8b.qasm,51,qaoa,0.5645833333333333,6.65115068379693,1,0.0,0.0,0.5645833333333333,0.0,0.0,0.23333333333333334,0.20208333333333334,0.0
bb50273f.qasm,256,qft,0.86875,5.195469868736498,1,0.0,0.016666666666666666,0.007638888888888889,0.86875,0.0,0.0,0.023611111111111107,0.08333333333333333
bc99b330.qasm,38,randomcircuit,1.0,3.9850956641601636,1,0.0,0.0,0.0,0.0,0.0,1.0,0.0,0.0
bc9dd950.qasm,20,qaoa,0.50625,5.914261251567809,1,0.0,0.0,0.50625,0.0,0.0,0.29583333333333334,0.19791666666666666,0.0
bd32080b.qasm,256,qaoa,0.45208333333333334,299.3504628583777,1,0.0,0.004166666666666667,0.45208333333333334,0.07291666666666667,0.0,0.44166666666666665,0.029166666666666667,0.0
bd462bd7.qasm,60,qaoa,0.4878267973856209,10.078715931828189,1,0.0,0.00522875816993464,0.4878267973856209,0.0020833333333333333,0.0,0.425,0.07986111111111112,0.0
bdd2c3ff.qasm,56,qaoa,0.55625,7.330283120780005,1,0.0,0.0,0.55625,0.0,0.0,0.24375,0.2,0.0
be527b4d.qasm,15,randomcircuit,0.9145833333333333,14.846685772871751,1,0.0,0.0,0.029166666666666667,0.05625,0.0,0.9145833333333333,0.0,0.0
bf029799.qasm,45,qaoa,0.5604166666666667,6.231265984558219,1,0.0,0.0,0.5604166666666667,0.0,0.0,0.2375,0.20208333333333334,0.0
bf0f8df9.qasm,16,qaoa,0.45208333333333334,5.847714346449751,1,0.0,0.0,0.45208333333333334,0.0,0.0,0.3729166666666667,0.175,0.0
bf9674e9.qasm,64,ghz,0.7787990196078431,0.02758734393819003,0,0.7787990196078431,0.0010620915032679738,0.0,0.0,0.22013888888888886,0.0,0.0,0.0
c05aa9cf.qasm,53,qaoa,0.55625,7.3038983189324735,1,0.0,0.0,0.55625,0.0,0.0,0.24375,0.2,0.0
c0a1d157.qasm,128,qaoa,0.5093545751633987,17.7597794482789,1,0.0,0.021895424836601306,0.5093545751633987,0.004166666666666667,0.0,0.20833333333333334,0.2520833333333333,0.004166666666666667
c0ffe57a.qasm,4,qaoa,0.7903227583168099,2.0054817487841867,0,0.0,0.0027327972387456855,0.7903227583168099,0.008333333333333333,0.0,0.13333333333333333,0.06388888888888888,0.0013888888888888887
c20bb346.qasm,127,qaoa,0.5145833333333333,4.747972651222943,1,0.0,0.0,0.5145833333333333,0.0,0.0,0.48125,0.004166666666666667,0.0
c246552a.qasm,56,qaoa,0.5541666666666667,7.138928743747093,1,0.0,0.0,0.5541666666666667,0.0,0.0,0.24166666666666667,0.20416666666666666,0.0
c39fa73b.qasm,8,vqe_su2,0.43611111111111106,5.145283913057789,1,0.005555555555555555,0.05753008073547772,0.3626088081534112,0.058333333333333334,0.0013888888888888887,0.0,0.43611111111111106,0.07847222222222223
c3c0513f.qasm,16,qft,0.5083333333333333,1.7058684992166975,0,0.01701644199346405,0.1746502246732026,0.008333333333333333,0.5083333333333333,0.0,0.2833333333333333,0.0,0.008333333333333333
c40ecada.qasm,36,qaoa,0.5583333333333333,6.567477053961899,1,0.0,0.0,0.5583333333333333,0.0,0.0,0.24166666666666667,0.2,0.0
c4c36286.qasm,43,qaoa,0.5645833333333333,6.295929837987839,1,0.0,0.0,0.5645833333333333,0.0,0.0,0.23333333333333334,0.20208333333333334,0.0
c4ff2c11.qasm,129,ghz,0.7512319159873687,97.98262258562906,1,0.7512319159873687,0.05593100536094588,0.0,0.0,0.19283707865168537,0.0,0.0,0.0
c6678d16.qasm,42,randomcircuit,1.0,7.7087396077476145,1,0.0,0.0,0.0,0.0,0.0,1.0,0.0,0.0
c676cfb4.qasm,8,qft,0.70625,1.4063188043959458,0,0.01701644199346405,0.1871502246732026,0.010416666666666666,0.70625,0.0,0.07083333333333333,0.0,0.008333333333333333
c7670b0a.qasm,2,randomcircuit,0.5229166666666667,5.520557093700316,1,0.0,0.021895424836601306,0.3093545751633987,0.1375,0.0,0.5229166666666667,0.008333333333333333,0.0
c7a93f95.qasm,32,qaoa,0.5583333333333333,6.2423419077178846,1,0.0,0.0,0.5583333333333333,0.0,0.0,0.24166666666666667,0.2,0.0
c7bddf55.qasm,16,qaoa,0.45416666666666666,5.724084447672161,1,0.0,0.0,0.45416666666666666,0.0,0.0,0.37083333333333335,0.175,0.0
c82bb473.qasm,32,qaoa,0.5583333333333333,6.2423419077178846,1,0.0,0.0,0.5583333333333333,0.0,0.0,0.24166666666666667,0.2,0.0
c84ad65b.qasm,28,qaoa,0.5583333333333333,6.0685969634956365,1,0.0,0.0,0.5583333333333333,0.0,0.0,0.24166666666666667,0.2,0.0
c8afe1ad.qasm,22,ghz,0.9632802746566791,0.17285169884525667,0,0.9632802746566791,0.0006086142322097378,0.0,0.0,0.03611111111111111,0.0,0.0,0.0
c945995d.qasm,39,qaoa,0.5604166666666667,6.429975390499157,1,0.0,0.0,0.5604166666666667,0.0,0.0,0.2375,0.20208333333333334,0.0
c95f41f8.qasm,8,qnn,0.7194444444444446,0.2659360333128764,0,0.28055555555555556,0.0,0.0,0.0,0.7194444444444446,0.0,0.0,0.0
c96fe790.qasm,256,qft,0.7333333333333333,4.086895636025458,1,0.030578533496732025,0.22358813316993464,0.0,0.7333333333333333,0.004166666666666667,0.0,0.0,0.008333333333333333
c999af32.qasm,28,qaoa,0.5583333333333333,6.183809092675201,1,0.0,0.0,0.5583333333333333,0.0,0.0,0.24166666666666667,0.2,0.0
ca0a2ce5.qasm,58,qaoa,0.6044934640522875,10.315302434467318,1,0.0,0.009395424836601307,0.6044934640522875,0.0020833333333333333,0.0,0.29583333333333334,0.08819444444444445,0.0
ca634f4d.qasm,20,qaoa,0.50625,5.827093248083049,1,0.0,0.0,0.50625,0.0,0.0,0.29583333333333334,0.19791666666666666,0.0
ca8c6d9a.qasm,50,qaoa,0.5666666666666667,6.467272147089788,1,0.0,0.0,0.5666666666666667,0.0,0.0,0.23333333333333334,0.2,0.0
ca980007.qasm,32,qaoa,0.5583333333333333,6.2423419077178846,1,0.0,0.0,0.5583333333333333,0.0,0.0,0.24166666666666667,0.2,0.0
cab2b6e9.qasm,36,qaoa,0.5583333333333333,6.566915808150062,1,0.0,0.0,0.5583333333333333,0.0,0.0,0.24166666666666667,0.2,0.0
cb2b300f.qasm,39,qaoa,0.5604166666666667,6.429975390499157,1,0.0,0.0,0.5604166666666667,0.0,0.0,0.2375,0.20208333333333334,0.0
cc5bc6eb.qasm,36,wstate,1.0,0.24255979884213508,0,0.0,0.0,0.0,0.0,0.0,0.0,0.0,1.0
ccfd978a.qasm,68,qaoa,0.5041666666666667,11.48720342001666,1,0.0,0.0,0.5041666666666667,0.0,0.0,0.48541666666666666,0.010416666666666666,0.0
cd51d9b8.qasm,53,qaoa,0.5541666666666667,6.476240523571125,1,0.0,0.0,0.5541666666666667,0.0,0.0,0.24166666666666667,0.20416666666666666,0.0
cd592018.qasm,53,qaoa,0.55625,6.875861499420583,1,0.0,0.0,0.55625,0.0,0.0,0.24375,0.2,0.0
cd5b55b6.qasm,16,qaoa,0.5704656862745099,7.801380081291088,1,0.008504993757802747,0.04811265330102078,0.5704656862745099,0.008333333333333333,0.0013888888888888887,0.20416666666666666,0.1326388888888889,0.02638888888888889
ce4f4dde.qasm,118,wstate,0.9881944444444445,0.8313574091000923,0,0.0,0.004166666666666667,0.0013888888888888887,0.0,0.0,0.0,0.00625,0.9881944444444445
ce7207a3.qasm,58,qaoa,0.6044934640522875,10.315560123308448,1,0.0,0.009395424836601307,0.6044934640522875,0.0020833333333333333,0.0,0.29583333333333334,0.08819444444444445,0.0
cee426fe.qasm,128,qaoa,0.4,188.22954373286476,1,0.0,0.0125,0.4,0.10416666666666667,0.0,0.3729166666666667,0.10625,0.004166666666666667
cf2c4cc9.qasm,8,vqe_su2,1.0,0.06420429175357108,0,0.0,0.0,0.0,0.0,0.0,0.0,1.0,0.0
cf5bfeb1.qasm,51,qaoa,0.5645833333333333,6.65115068379693,1,0.0,0.0,0.5645833333333333,0.0,0.0,0.23333333333333334,0.20208333333333334,0.0
d168a391.qasm,64,qaoa,0.5093545751633987,16.56340402767896,1,0.0,0.021895424836601306,0.5093545751633987,0.004166666666666667,0.0,0.20833333333333334,0.2520833333333333,0.004166666666666667
d20d9d2e.qasm,60,qaoa,0.4878267973856209,10.078755377345995,1,0.0,0.00522875816993464,0.4878267973856209,0.0020833333333333333,0.0,0.425,0.07986111111111112,0.0
d21812d8.qasm,30,qaoa,0.504125816993464,7.811256118182571,1,0.0,0.006290849673202615,0.504125816993464,0.0020833333333333333,0.0,0.4375,0.05,0.0
d2ffaf7e.qasm,64,qnn,0.7215277777777778,0.08322868631437874,0,0.2784722222222223,0.0,0.0,0.0,0.7215277777777778,0.0,0.0,0.0
d3f98c63.qasm,51,qaoa,0.5645833333333333,6.65115068379693,1,0.0,0.0,0.5645833333333333,0.0,0.0,0.23333333333333334,0.20208333333333334,0.0
d3f998bc.qasm,53,qaoa,0.5541666666666667,6.440420341485857,1,0.0,0.0,0.5541666666666667,0.0,0.0,0.24166666666666667,0.20416666666666666,0.0
d49ba491.qasm,28,qaoa,0.5583333333333333,6.06777804867836,1,0.0,0.0,0.5583333333333333,0.0,0.0,0.24166666666666667,0.2,0.0
d4a7f2c7.qasm,16,qaoa,0.45416666666666666,5.724084447672161,1,0.0,0.0,0.45416666666666666,0.0,0.0,0.37083333333333335,0.175,0.0
d706049b.qasm,41,ghz,0.7470652493207021,97.920563342379,1,0.7470652493207021,0.05593100536094588,0.0,0.0,0.19700374531835202,0.0,0.0,0.0
d70a0bd6.qasm,48,randomcircuit,0.5611111111111112,10.433742443496707,1,0.0,0.0,0.42638888888888893,0.0020833333333333333,0.0,0.5611111111111112,0.010416666666666666,0.0
d7fe8918.qasm,260,wstate,0.4,6.322186437123881,1,0.32988360138062717,0.08917070573547771,0.0,0.016666666666666666,0.0476123595505618,0.0,0.11666666666666667,0.4
d87e1b4b.qasm,256,wstate,0.9798611111111112,1.8771256100701896,0,0.0,0.0125,0.0013888888888888887,0.0,0.0,0.0,0.00625,0.9798611111111112
d9b603b5.qasm,24,qaoa,0.5541666666666667,6.029652659201609,1,0.0,0.0,0.5541666666666667,0.0,0.0,0.24583333333333332,0.2,0.0
d9c77e07.qasm,8,graphstate,0.6346542637420136,16.599033228838195,1,0.24626893887236542,0.6346542637420136,0.008333333333333333,0.025,0.08574346405228757,0.0,0.0,0.0
da0e58a0.qasm,34,qaoa,0.5041666666666667,7.091578001034081,1,0.0,0.0,0.5041666666666667,0.0,0.0,0.48541666666666666,0.010416666666666666,0.0
da213329.qasm,49,qaoa,0.5645833333333333,6.416323799210435,1,0.0,0.0,0.5645833333333333,0.0,0.0,0.23333333333333334,0.20208333333333334,0.0
da3a2f77.qasm,53,qaoa,0.55625,6.926257496049279,1,0.0,0.0,0.55625,0.0,0.0,0.24375,0.2,0.0
da4d0871.qasm,68,qaoa,0.5041666666666667,11.487208350963975,1,0.0,0.0,0.5041666666666667,0.0,0.0,0.48541666666666666,0.010416666666666666,0.0
da505823.qasm,32,qaoa,0.5583333333333333,6.2423419077178846,1,0.0,0.0,0.5583333333333333,0.0,0.0,0.24166666666666667,0.2,0.0
da601912.qasm,48,randomcircuit,0.5611111111111112,7.567689712427074,1,0.0,0.0,0.42638888888888893,0.0020833333333333333,0.0,0.5611111111111112,0.010416666666666666,0.0
dae23358.qasm,32,qaoa,0.5583333333333333,6.197837968752418,1,0.0,0.0,0.5583333333333333,0.0,0.0,0.24166666666666667,0.2,0.0
db12c1f0.qasm,32,qft,0.5041666666666667,1.6254762848773705,0,0.01701644199346405,0.17881689133986928,0.008333333333333333,0.5041666666666667,0.0,0.2833333333333333,0.0,0.008333333333333333
db6ca211.qasm,256,vqe_su2,0.9770833333333333,1.9262379158329979,0,0.0,0.0125,0.0,0.0,0.0,0.0,0.9770833333333333,0.010416666666666666
dbcc99b4.qasm,128,qaoa,0.6197712418300654,12.164389907006944,1,0.0,0.03022875816993464,0.6197712418300654,0.004166666666666667,0.0,0.25,0.07708333333333334,0.01875
dc86453a.qasm,32,randomcircuit,0.6958333333333333,1305.6775538337813,1,0.0,0.0,0.29375,0.0,0.0,0.6958333333333333,0.010416666666666666,0.0
de690b52.qasm,24,qaoa,0.5541666666666667,6.089699802066391,1,0.0,0.0,0.5541666666666667,0.0,0.0,0.24583333333333332,0.2,0.0
deb00fe1.qasm,16,qaoa,0.5114379084967321,13.814665727994832,1,0.0,0.021895424836601306,0.5114379084967321,0.004166666666666667,0.0,0.20833333333333334,0.25,0.004166666666666667
df1a7a89.qasm,24,qaoa,0.39166666666666666,10507.74588427131,1,0.0,0.004166666666666667,0.39166666666666666,0.1625,0.0,0.2833333333333333,0.15833333333333333,0.0
df43c2c2.qasm,47,qaoa,0.5645833333333333,6.38248910340659,1,0.0,0.0,0.5645833333333333,0.0,0.0,0.23333333333333334,0.20208333333333334,0.0
df458745.qasm,128,randomcircuit,0.6895833333333333,365.09420004547366,1,0.0,0.0,0.2791666666666667,0.01875,0.0,0.6895833333333333,0.0125,0.0
df75e229.qasm,53,qaoa,0.55625,6.875861499420583,1,0.0,0.0,0.55625,0.0,0.0,0.24375,0.2,0.0
e10d312f.qasm,256,randomcircuit,0.6854166666666667,743.570240883372,1,0.0,0.0,0.2875,0.014583333333333334,0.0,0.6854166666666667,0.0125,0.0
e260fc6a.qasm,33,qaoa,0.3625,86.86182953874756,1,0.0,0.004166666666666667,0.3625,0.16875,0.0,0.26458333333333334,0.19583333333333333,0.004166666666666667
e3863462.qasm,56,qaoa,0.5770833333333333,5.464183796532423,1,0.0,0.0,0.5770833333333333,0.008333333333333333,0.0,0.2604166666666667,0.15416666666666667,0.0
e3b97044.qasm,53,qaoa,0.55625,7.008726100782137,1,0.0,0.0,0.55625,0.0,0.0,0.24375,0.2,0.0
e4a4359e.qasm,100,qaoa,0.5041666666666667,13.653782422572931,1,0.0,0.0,0.5041666666666667,0.0,0.0,0.48541666666666666,0.010416666666666666,0.0
e4b50619.qasm,8,ghz,0.8343545751633986,0.1870730279627293,0,0.8343545751633986,0.0010620915032679738,0.0,0.0,0.16458333333333333,0.0,0.0,0.0
e61acd2b.qasm,12,qaoa,0.43333333333333335,5.016700053883657,1,0.0,0.0,0.43333333333333335,0.0,0.0,0.4041666666666667,0.1625,0.0
e66c3381.qasm,50,qaoa,0.5666666666666667,6.467416862871034,1,0.0,0.0,0.5666666666666667,0.0,0.0,0.23333333333333334,0.2,0.0
e698c12d.qasm,4,vqe_su2,0.35555555555555557,1.8056950947650658,0,0.0,0.1433373724021444,0.14346818315341117,0.08541666666666667,0.0,0.0,0.35555555555555557,0.27222222222222225
e7296260.qasm,53,qaoa,0.55625,6.926257496049279,1,0.0,0.0,0.55625,0.0,0.0,0.24375,0.2,0.0
e751ad87.qasm,256,qft,0.3333333333333333,6.208543502202169,1,0.10874596093118895,0.18189946390541237,0.06666666666666667,0.3333333333333333,0.02185457516339869,0.0,0.04583333333333333,0.24166666666666667
e7540ce6.qasm,53,qaoa,0.55625,7.3038983189324735,1,0.0,0.0,0.55625,0.0,0.0,0.24375,0.2,0.0
e815593a.qasm,32,graphstate,0.5988249694774912,27.249153951661242,1,0.3105479650895939,0.5988249694774912,0.011437908496732025,0.025,0.05418915693618272,0.0,0.0,0.0
e893b1a5.qasm,66,qaoa,0.5041666666666667,10.197246388783032,1,0.0,0.0,0.5041666666666667,0.0,0.0,0.48541666666666666,0.010416666666666666,0.0
ea801020.qasm,256,qft,0.4875,4.2421978163208705,1,0.03368310866013072,0.18298355800653593,0.008333333333333333,0.4875,0.004166666666666667,0.275,0.0,0.008333333333333333
eb153d64.qasm,127,qnn,0.7527777777777778,0.9302650139121426,0,0.22222222222222224,0.025,0.0,0.0,0.7527777777777778,0.0,0.0,0.0
ebb0ac17.qasm,16,qaoa,0.4347222222222223,18.500600906945955,1,0.0,0.016666666666666666,0.4347222222222223,0.16666666666666666,0.0,0.29791666666666666,0.08402777777777777,0.0
ebc18fd7.qasm,255,qaoa,0.5104166666666666,5.743901270961495,1,0.0,0.0,0.5104166666666666,0.0,0.0,0.48541666666666666,0.004166666666666667,0.0
ebc3e166.qasm,74,qnn,0.4618055555555556,98.28905650993919,1,0.10477941176470588,0.02508169934640523,0.035416666666666666,0.029166666666666667,0.4618055555555556,0.15416666666666667,0.06041666666666667,0.12916666666666668
ec70915a.qasm,56,qaoa,0.5493055555555556,3.435168485523627,1,0.0,0.008333333333333333,0.5493055555555556,0.0,0.0,0.0,0.4381944444444444,0.004166666666666667
eca6fb66.qasm,51,qaoa,0.5645833333333333,6.587867050233917,1,0.0,0.0,0.5645833333333333,0.0,0.0,0.23333333333333334,0.20208333333333334,0.0
ed52defd.qasm,12,qaoa,0.42916666666666664,5.249693010642526,1,0.0,0.0,0.42916666666666664,0.0,0.0,0.41875,0.15208333333333332,0.0
eefd994e.qasm,51,qaoa,0.5645833333333333,6.65115068379693,1,0.0,0.0,0.5645833333333333,0.0,0.0,0.23333333333333334,0.20208333333333334,0.0
ef8d10d7.qasm,56,qaoa,0.5208333333333334,6.793126350494539,1,0.0,0.0,0.5208333333333334,0.0,0.0,0.2375,0.24166666666666667,0.0
efafd44f.qasm,32,wstate,0.5916666666666667,0.48702574210361593,0,0.3968545751633987,0.009395424836601307,0.0,0.0,0.0020833333333333333,0.0,0.0,0.5916666666666667
f030e083.qasm,56,qaoa,0.46041666666666664,6.309576644698261,1,0.0,0.0,0.46041666666666664,0.004166666666666667,0.0,0.40208333333333335,0.13333333333333333,0.0
f05a6196.qasm,256,qft,0.4875,4.2421978163208705,1,0.03368310866013072,0.18298355800653593,0.008333333333333333,0.4875,0.004166666666666667,0.275,0.0,0.008333333333333333
f0c5e28f.qasm,19,graphstate,0.6759022212583533,24.004038177426914,1,0.25228405325145037,0.6759022212583533,0.030147058823529412,0.025,0.0125,0.0,0.0,0.004166666666666667
f0e878db.qasm,32,qaoa,0.7267156862745098,1.098187658491711,0,0.0,0.00522875816993464,0.7267156862745098,0.06041666666666667,0.0,0.2076388888888889,0.0,0.0
f0e91b40.qasm,56,qaoa,0.4875,5.331460502248156,1,0.0,0.004166666666666667,0.4875,0.0,0.0,0.2375,0.26666666666666666,0.004166666666666667
f1167cc3.qasm,32,qaoa,0.5583333333333333,6.197154447824589,1,0.0,0.0,0.5583333333333333,0.0,0.0,0.24166666666666667,0.2,0.0
f163436d.qasm,13,graphstate,0.7031054644470146,6.928120564241959,1,0.2179068443856943,0.7031054644470146,0.031032010767790264,0.008333333333333333,0.038233458177278405,0.0,0.0,0.0013888888888888887
f1bcea54.qasm,45,qaoa,0.5645833333333333,6.438533721392674,1,0.0,0.0,0.5645833333333333,0.0,0.0,0.23333333333333334,0.20208333333333334,0.0
f27a09cf.qasm,260,qnn,0.7479166666666666,1.885112611728918,0,0.19375000000000003,0.058333333333333334,0.0,0.0,0.7479166666666666,0.0,0.0,0.0
f2a5a67a.qasm,12,qaoa,0.43333333333333335,5.016700053883657,1,0.0,0.0,0.43333333333333335,0.0,0.0,0.4041666666666667,0.1625,0.0
f5398281.qasm,53,qaoa,0.55625,6.926257496049279,1,0.0,0.0,0.55625,0.0,0.0,0.24375,0.2,0.0
f5aeb6f0.qasm,50,qaoa,0.5666666666666667,6.467416862871034,1,0.0,0.0,0.5666666666666667,0.0,0.0,0.23333333333333334,0.2,0.0
f5d72dae.qasm,32,graphstate,0.9750816993464052,0.9467054882789412,0,0.003104575163398693,0.9750816993464052,0.021813725490196077,0.0,0.0,0.0,0.0,0.0
f67ec297.qasm,36,qaoa,0.5625,6.5812840050952115,1,0.0,0.0,0.5625,0.0,0.0,0.2375,0.2,0.0
f7ff0727.qasm,5,graphstate,0.39039063073731367,3.639259320875818,1,0.2844615473764412,0.39039063073731367,0.01391186683006536,0.0,0.30984706616729085,0.0,0.0,0.0013888888888888887
f8a38627.qasm,36,randomcircuit,1.0,5.110185618414728,1,0.0,0.0,0.0,0.0,0.0,1.0,0.0,0.0
f8d235ae.qasm,4,qaoa,0.6034722222222223,3.33359724568934,1,0.0,0.0,0.6034722222222223,0.0,0.0,0.28125,0.11388888888888889,0.0013888888888888887
f98536e0.qasm,3,qft,0.6833333333333333,2.4675805471996095,0,0.0,0.0468954248366013,0.030187908496732026,0.6833333333333333,0.0,0.0,0.00625,0.23333333333333334
f9fee41b.qasm,53,qaoa,0.55625,7.008726100782137,1,0.0,0.0,0.55625,0.0,0.0,0.24375,0.2,0.0
fabdaac7.qasm,32,qaoa,0.5093545751633987,15.318973400146383,1,0.0,0.021895424836601306,0.5093545751633987,0.004166666666666667,0.0,0.20833333333333334,0.2520833333333333,0.004166666666666667
fadf1f0d.qasm,100,qaoa,0.5041666666666667,13.653783336140881,1,0.0,0.0,0.5041666666666667,0.0,0.0,0.48541666666666666,0.010416666666666666,0.0
fb107df5.qasm,64,wstate,0.5958333333333333,0.4402095130875349,0,0.3906045751633987,0.00522875816993464,0.0,0.0,0.008333333333333333,0.0,0.0,0.5958333333333333
fb7e6eb0.qasm,115,ghz,0.5324521106429464,3.873161345896389,1,0.5324521106429464,0.1961527582709114,0.0,0.0125,0.021395131086142324,0.0,0.0875,0.15
fb8a2851.qasm,32,wstate,1.0,0.10687976481258812,0,0.0,0.0,0.0,0.0,0.0,0.0,0.0,1.0
fb9223a1.qasm,16,qaoa,0.6024101307189543,7.704488191631883,1,0.0,0.0343954248366013,0.6024101307189543,0.010416666666666666,0.0,0.21666666666666667,0.11319444444444444,0.022916666666666665
fb9be929.qasm,8,graphstate,0.6996502246732026,7.393567654176548,1,0.21701644199346404,0.6996502246732026,0.008333333333333333,0.0,0.07361111111111111,0.0,0.0,0.0013888888888888887
fbcf0ea3.qasm,51,qaoa,0.5645833333333333,6.587867050233917,1,0.0,0.0,0.5645833333333333,0.0,0.0,0.23333333333333334,0.20208333333333334,0.0
fbdc2a1f.qasm,12,qaoa,0.42916666666666664,5.249313774066373,1,0.0,0.0,0.42916666666666664,0.0,0.0,0.41875,0.15208333333333332,0.0
fbe1d41c.qasm,15,qaoa,0.6924469413233457,6.497326648288985,1,0.0,0.00894194756554307,0.6924469413233457,0.0,0.0,0.09722222222222222,0.17777777777777778,0.023611111111111107
fc1ce5ab.qasm,98,qaoa,0.5041666666666667,12.366021808736722,1,0.0,0.0,0.5041666666666667,0.0,0.0,0.48541666666666666,0.010416666666666666,0.0
fc330f35.qasm,47,qaoa,0.5645833333333333,6.382112925088765,1,0.0,0.0,0.5645833333333333,0.0,0.0,0.23333333333333334,0.20208333333333334,0.0
fc56714f.qasm,8,qaoa,0.3958333333333333,13.898293068259015,1,0.0,0.0125,0.3958333333333333,0.17083333333333334,0.0,0.3020833333333333,0.11458333333333333,0.004166666666666667
fc5872f2.qasm,42,randomcircuit,0.9166666666666666,10.160010148976099,1,0.0,0.0,0.07291666666666667,0.0,0.0,0.9166666666666666,0.010416666666666666,0.0
fc66bdd4.qasm,128,qft,0.325,6.194387133355442,1,0.10666262759785562,0.18606613057207905,0.06666666666666667,0.325,0.023937908496732028,0.0,0.04583333333333333,0.24583333333333332
fdf0b97e.qasm,49,qaoa,0.5645833333333333,7.017881470302366,1,0.0,0.0,0.5645833333333333,0.0,0.0,0.23333333333333334,0.20208333333333334,0.0
ffe82f32.qasm,31,ghz,0.7372571968862451,97.90789584119423,1,0.7372571968862451,0.055322391128736145,0.0,0.0,0.20742041198501868,0.0,0.0,0.0
