filename,matched_fold,structural_stress_fold,structural_cluster,feature_signature_sha1
0071a13b.qasm,2,0,1,c6f926690cd4a3afa978c402388a0a729c0258a5
00c20ece.qasm,1,2,5,6895f3b401bef2dfdc163a1dd53066621d625d14
03042ac9.qasm,3,0,1,3bb90e62d1fbe69077809e1e8b909a3c542890f4
03934028.qasm,1,2,7,d86e46787bc9dd93a76964fbd2a1f3a5dab5c2f8
03ee478e.qasm,3,1,4,339b5f09f8eb4f77a497177cc0d60368f67ae851
04276362.qasm,3,1,4,c290bf49c9a912aabdc7c6673becfa9684f11008
0491d461.qasm,2,0,1,19df1d14ba62ffbd66c789f9bb605d742f88ef00
0525d9ee.qasm,1,0,1,b1e8efa24f9e6589687d7fcd926c0d6f1dd37836
0534bf07.qasm,2,2,7,d042533acca60cca3fc8d29abdcba9433fcd18fd
055dc894.qasm,1,3,6,9cb582a321f5c07dc2515f7e6334d0111cb438a5
056c2b99.qasm,2,0,1,76aa1cefab1a51af249f8b9bafcacad04099a9b3
058c7d32.qasm,1,0,1,3a9502a2eb1056cdc0df1cf7c466e5f933b2411d
067475b0.qasm,4,0,1,c0564bfc6d3463d00953dd506f58f6b997832e18
06857ab2.qasm,0,2,7,fccb78e81780713acf3b34480138d35031c68759
06a7dabf.qasm,2,0,1,b12e0ecb5b668cb8ba91f19dd0e04dc4cf668b9e
06e45cf2.qasm,3,0,1,faf226dea95101423d50e2e1cb46c83f719166f6
0732491c.qasm,0,2,9,a22085f3a56d5c12d55a8749ae3b8eafbf465c4b
07fc5b22.qasm,4,0,1,e566473bbd781a39d36b1779c3f37497880824c9
08239e90.qasm,0,2,7,7de97073262f09a0caac16c45be6b272a2546c6b
0885b672.qasm,2,0,1,18b68922911443e06ca87d36d28c3cb824b1c837
0a0f4c36.qasm,3,3,6,a7e32908252b8775dee4109d2d7314216a3ff98f
0b0e43d6.qasm,0,0,1,b1a8d70401440c6a97218c19fd527e913d0eb221
0b325fdd.qasm,2,2,7,9f86f296a8dfe1c45ac8811bae5170498ed5709d
0bde3200.qasm,3,3,2,91c402790555662d6cb885cfb06cf823f90fef7a
0c0ce4a1.qasm,4,0,1,98a650ff4effef328734375a4e65971b65bee624
0c676248.qasm,0,4,10,3f371da5cd0ed4603f1d5bfd33fbb2a449ac45ff
0cc92082.qasm,1,0,1,942a60f5d9bcb2c62f4085e9b61403608b876f27
0cd81bd7.qasm,3,0,1,2166429db7d581a2355d6dcebcd14d1a22f0a255
0d08bd43.qasm,3,2,7,de2cd8d70118de1cb729e6fe4917453686121d9d
0d094263.qasm,3,3,2,1d2aaa6c852dc6e10214edac6bde2830774f731a
0d6f51b4.qasm,3,3,2,da53168758cd43b644f5f582a0a32438bbbfda25
0e8ddfa3.qasm,1,0,1,9576e0f3a9b39957fc76f90e288417c7e99c2f4f
0ee54ab9.qasm,2,1,4,ce5f9d7ab3dfd8fc8a59c32058adbf7460eec246
0f6ae53c.qasm,2,4,0,e12a585f43d484fea6c3fbf129b180f2be8665db
10761caa.qasm,0,0,1,d2532e0c1b3a756de206642f17dc8f87c50e8500
10ea3498.qasm,2,4,10,fc64dc7df892bee1ee763712a2bf425ae3671fc1
1154e9d9.qasm,4,2,7,77e5f92c01984bc850e9d2454047062eaf4a4f9c
12157215.qasm,1,2,7,6f148578c2b0d6bb59ce9ff92bb942bbbf9e5abc
125f60d7.qasm,1,2,7,b6d120237c74ba37eb22aa64450ff95ed46aadbd
138d2c7b.qasm,3,0,1,7e02b6f09f0ccf566e4565be3b97cb196c30e08a
13b8e3f8.qasm,0,0,1,16af2cd938ca0addf4c4adfab2c084544c93d11b
13eb49aa.qasm,1,1,8,25344c6b3cc87f1d0ec87b3b3db9c1a834d9fa08
14019fed.qasm,0,3,6,19e3a04e69fed06db74831eff3819000cd95283e
149b1e7c.qasm,2,0,1,e520d8e4283047151235eb1628296d3800fb84b2
15434610.qasm,1,0,1,729d3f6d376d53082e9217254534ad9f0adc0b4f
159b3481.qasm,3,0,1,8442dc54bcf90ae12e1e95d8558ff5b9a033f9f4
15c28669.qasm,2,2,3,b41b4213d2c47dbc769c12876b541fac6835d9b2
1619b169.qasm,4,2,3,72ca6218d5b2401b2425b6ab7404868229ba9e65
166e9d3a.qasm,1,2,3,ab428457eae563ee6a6e55ba228d76bd612fbcfd
1688d759.qasm,0,0,1,7aaa68561eb683f6d8d67816854ad7099eb38ab6
16ff70bb.qasm,0,0,1,3d320fcd10e22aa4d8684ea27cb334387afd4552
17253376.qasm,3,0,1,a88c2b2e5d2c0a15a2b37cabe6848faad4df02b7
173d4b8b.qasm,4,3,2,e164457ae452c268c70b3b52d5b6e578e7b792ef
175f2997.qasm,2,0,1,77250a7d35a41800dae97f4c3ec38639505d7cce
17e5a14b.qasm,1,2,7,76518e14de1cbb061e7a9087a17657be2cbab2b5
195099c8.qasm,2,4,0,3f094551f3fbd1475c9a80b0cc30b96aefef3e3c
19550378.qasm,3,2,3,4113cd02b239aee76d6626d2e17f86478f609d23
1959a985.qasm,1,3,6,cbc5c2cdb9a54ca28139f6f058c062031efa6c40
19d587f3.qasm,1,1,4,bf0ece32339a47f71f97b487783520f9ed2164a4
1a554de5.qasm,1,4,0,2e216d1c153ea10e109c6955f51c994db10c76d5
1aa22822.qasm,3,2,7,5c8c243ad04a8fb4ed2204012bd1e023726b399b
1af5b336.qasm,2,0,1,4f6d2a2884d7eef066a8ef8b096f61e19b907359
1b91945f.qasm,0,0,1,f6434ddad14dd440f5b02b6746bd357228dd5e47
1cb3c32c.qasm,1,0,1,f7f3ff3d07f524243768043270e0d1ee823ee620
1d1dc1d8.qasm,4,0,1,7a53461547340f5df2eaca0b50a53dee1acbe88a
1d4b1889.qasm,0,0,1,5b7ecd90def82956e8a9bd734fcdb7f98be1000e
1db5f683.qasm,0,0,1,52aadd90447513286e2544178bbde17ab600c7cb
1f1383d7.qasm,0,4,0,a8793ca138a5edf379bb6b4e7926b110e303e0db
1fd34b96.qasm,4,0,1,02fd016ceaf181b19905d82aa227f5eb40cc6546
20448412.qasm,4,2,5,f95e6d3f7ddd3aa53c92c08a58b50784ba7c8c41
2059c310.qasm,3,1,8,895fd8e05e1cb799af903f98fe31dc30835491ca
2078a631.qasm,0,0,1,c46e8c07a5567782021adc26d50d7b2de16903cb
208334f1.qasm,3,4,0,1ef8a0e9f23dbff7ea1f6e8e315684b965bf7194
2190b5a7.qasm,1,1,4,9dd19b77608bd616c128a474c6ce588989cc609d
231bbda3.qasm,1,3,6,f9daa0f6c49745d54f5e51aff6a6c1b01a795368
235dda60.qasm,3,0,1,f9b6e5a0c79108f82350a123248c80293f934b3c
24ca3082.qasm,3,2,9,ea15ebe1a4ebfae1268dc6bc21dfaf474b646829
25e26219.qasm,0,3,6,787a6d60fd49b76323fa4fa18c4112abaa9f19af
25e5b703.qasm,0,1,4,3b355534779d64e6e438366ab4eb824dddb41396
264ca70e.qasm,1,0,1,76363a3946613b6dafbed0e021f544e87c6eada0
27a012bc.qasm,1,0,1,ee322db10605399d71898612a6fd77821fadcb41
27dbf314.qasm,3,2,7,81893b963e9803e373e5f7ca33410cc5cfacc52a
27e0ec8e.qasm,4,4,0,8a5f1b6ea5e2054ff364ccccb32b4542fd30cb54
2818a462.qasm,0,4,10,972dc541722709af5f65aa1e5d5c5ea09263e257
28f914b0.qasm,4,1,4,258b4b5c9a7029927ed1d4c88b773a0f82f82b59
29886bb3.qasm,3,0,1,98cc098e3ca001002c3bf8e0d9339fe4c01e6708
29a887f9.qasm,3,3,6,55b451f0fa4db00e510f148781c6c3d0cd310e91
2a04dd73.qasm,4,2,7,5563fb9f5aecb5654da683d38d19a910dd3a79b1
2a0e53ef.qasm,3,4,10,9e5845b848a42bbaf8e6bef693fcabaa1a740237
2a48defb.qasm,4,2,5,e84f699bf55f2b8a6b66a86a4951ea56342e4786
2af6859b.qasm,4,0,1,21e14fe6ccfaa56e19893cfa8775d8a1f826a399
2afe3d2e.qasm,1,2,7,e53a73b14a6d95f1a26ab39a260f30811ac0f024
2b148d98.qasm,0,0,1,a9a6286c3a0caffa3532daa2d2246e2cea24c4b9
2b2951ed.qasm,4,0,1,0f57b6cb6c30f0583c5ffe7a3e0c6eb28c21daa8
2bc3295c.qasm,0,3,6,a36db87bf63ca4b02c96c99fe5ff8a70cffcf8c3
2cbfff1b.qasm,1,0,1,649bb578895bd53ae68bd0efdf3f7390da9aaf36
2cedce95.qasm,4,0,1,0fba7522f22ddd11746cada329c193dfd22bba47
2d399444.qasm,0,3,2,1c87397e55ed665b04e464b3be6e0d4c712dad76
2ea1bf91.qasm,1,0,1,f94e5932fb5699d0c9d70e7c98c5855e696bf33b
3026aed7.qasm,3,0,1,dc7e6ed22ea3b64f09fb1421b3076df01c22576c
306ac152.qasm,2,4,0,1e7834b9bfe104d9f887089ca844e0cecbc3fde9
3099a023.qasm,4,3,2,378ad2b963b54ec0f41fd487c8345746227f197a
31b8fb3c.qasm,1,3,6,f8b2a4e284d3a2f3337009a17f7959b733bcf105
31fd025e.qasm,4,0,1,cd1285a7532d3f8fc5c6ac7673c6225c0c4c9eae
320de9fb.qasm,4,0,1,20b5d1b3351d2a7df31757b0cd703059c252e31c
32de9cc1.qasm,1,0,1,2a3fad27a895817ef19aa6af8ec2e8b3799b3cb6
32f44532.qasm,4,0,1,efdb9301faffd121018799bda2bb88df94500f37
336f664c.qasm,0,4,0,1c7045f71bf0feff29867eca880b461f83c720f7
33a2f9be.qasm,1,0,1,b32ff4d80611432cb82c301de5b1671b033b54c3
33c62fb8.qasm,2,3,6,f62a646719eb16682070724fa03ba2edfc405735
3436484d.qasm,0,0,1,b7b988b584deaeb7e6c4a7ccc4eccb63749acbb8
36d0ea8f.qasm,4,4,0,7af3358a40a7e0d35044e526701d7696e4f9df3b
36e23777.qasm,4,0,1,4db5786fb663f1795e707d3c45f9df642a1d7fb9
371eea68.qasm,1,1,4,3463a8f4e00dc419742a1819f3864edcf05d3b2c
376d7d92.qasm,4,4,0,57c541aad6c39e875a536f2237f473fdc211bc42
37bd268c.qasm,2,4,10,ee9da851a742121db7155c3d3905f9e0efab242c
3814b0b9.qasm,2,2,7,1df6ecf702c38885d5e80ec37077b91684e59f28
383bbcad.qasm,1,1,4,a99bed47989e70411371cf31815b0ca2301f9ba7
3841ff5b.qasm,4,0,1,edfe09c866f922ee892f17e12561c05d6c839245
385fa1b6.qasm,2,2,5,a0ff365ce1baff906e37e5347b8155b43fd0a5a6
386534f5.qasm,4,0,1,944db3fb01749e0e9ac334952f77f21454e836f5
3a8d3e53.qasm,1,2,3,02b9c04e8f72335c5769495e2b7ec9ddb285a9ec
3be98d6c.qasm,3,4,10,d755f8736fa198b243f4eeab67a6b5b56259dafe
3c1f4948.qasm,3,2,3,9183e21b02de6bd684ea7865643a173c3101d9ff
3c2f55c1.qasm,0,0,1,de63e72366cef3cc95eb16a44fdd2eecc7ad59f5
3c890561.qasm,1,3,6,3c082d03c5a44f6df56a87776709d97321a713be
3ccd19ee.qasm,0,0,1,b1502160d1203bea9f6846adc355089cce8f5965
3db115f1.qasm,4,3,2,b050b389f956b85bd766f3783537707d782466ef
3e2fde05.qasm,0,0,1,da18e3e5b957cac821b4a8f3a15e25c5e755be8e
3e730381.qasm,2,4,10,72592c15403b39d8348509a408f6e42867730e4d
3eb6cff0.qasm,2,2,9,fa1081bf1fe3de6eb042319e553342d2d8febd6c
3eca4614.qasm,2,0,1,51af50229fdc3d3c8dd1122a78d66df10ef4ff3a
3ee85ccf.qasm,1,0,1,36900ebcc0a059633e12af7d6fe32f12b548277b
3f072f57.qasm,2,0,1,6520ac3693e8a0840d0fe663437194bbc64a6220
3f858470.qasm,3,0,1,a4919e0ecdbfc34a6d0bf2a84d5a24cac2d4fda3
40b719e2.qasm,1,2,7,479dfb6008bfc1f6c3d0bf8a7f437b7343a7de1e
40e78b26.qasm,0,1,4,b102cfc70d89620076eb2802594ba1f088ac22b4
41bd27aa.qasm,4,4,10,12a1700c84ae8fcef5b128207758725b4b230d85
42a256ea.qasm,1,0,1,0b724a6c4a39a8b99c2947a9d9f3d4cc67b619bb
42a71e24.qasm,4,0,1,6bf1e87e2c7d9b7b59b3ec58d8a1ea982a4c5198
42fa6cae.qasm,3,0,1,5b101ab15ac6a9aac9fe5858db3f902c67771d85
43168c33.qasm,4,1,4,edd3528419f7843533b34c235d95728ffe9bc828
4318a3ef.qasm,1,0,1,99fb28453abc6abcc9ad993cfdae0dd31c9e87b4
4327c91d.qasm,4,0,1,06baef7293a323293712985daba024747d553f74
432efc30.qasm,0,1,4,02cdc5ff2aadc6715f1c7ab64912de5157a38836
445caba2.qasm,1,1,4,3a45d5b76b3b35d7e6df7e186ef57a4a173cc73c
448ebca1.qasm,3,1,4,c22915685221cbfb45048fa84c2642c8d0aac3a7
46073cb3.qasm,1,2,9,3449fb5919c434f671f166d543968c1f853285ef
46188cf9.qasm,2,0,1,c6e42628e37cb72dfcbbe75c26f518002f7021d9
46de7f9b.qasm,0,0,1,9acef13143cb7d5b567626c88f5a4920b5cdb258
4737100f.qasm,4,2,7,9b16c2b4f4b5d23a19f5635aa31c0237554f31a4
474aa01a.qasm,2,0,1,0da1c7548631b95aa3cf414f897bff026d635047
4846208f.qasm,4,1,4,de7ae7a45ddc3412b5de73ad4ca1fb667bfceb7a
4a262567.qasm,0,0,1,ab994a8058a2c9e38f92a29ab8d84f3716b956d8
4a5eba47.qasm,0,4,0,5f3db8424c6e2634d90e93d24709c99ae285f4b3
4ae57e38.qasm,4,4,10,4b1bc884f9dca20cd815f2ad94dce7507f103d21
4cbdcf4f.qasm,4,0,1,e900829c1b14337693b032e8d2465abc50279e45
4d59437e.qasm,0,2,7,de89b8521b5c822176c0f75b50e935ba896f5942
4d78cdd5.qasm,2,3,2,69fb42e078ec023253f562f65df3bbb49be527ef
4dc2ff13.qasm,3,1,4,66efc2a02569764cf17732a6ff3c071a1e958722
4e8df7a8.qasm,2,2,7,15a7d580510dc55baa8e37a39400e0f319382dd6
4f476879.qasm,1,0,1,3ca8e00ad296ad4a4b589b2fb0f5b6271ec91e2d
4f48ab57.qasm,4,1,4,38d272100d30e6d01549877369cf06370d70daf1
4f9a3ab1.qasm,1,1,4,bd6804601768342597029412667588e8870c283a
4fd60583.qasm,3,2,7,1a745e1c379e2bcf39ccce6fd776dc99a265434b
4ffb1090.qasm,4,2,9,e613fecd934a9cbbb2c461e6d7afae76af1ecffb
5050d142.qasm,4,1,8,4f4db2f582cf538ab8bedce589a5a8d72fc6e66f
51b16166.qasm,0,0,1,5126d02f58649538b2f121c5c3a5986f9e6cbaf9
51b543de.qasm,3,0,1,b51735985ea9b58bd57b767f2d24d45fac35387d
52b00428.qasm,3,0,1,c0d46f28cc12670e7d91dfeb78350a40b0e3cfcb
53442dc5.qasm,0,1,4,74913def05ccd57d77f983f67af8c46c9a2cbd50
5357322a.qasm,1,0,1,9e12a74c334390d061c661c901bcfd23d0a5f2c4
5385a9e9.qasm,2,0,1,c112aa5aa3a6911b3243921246268d89928063e7
53e971c2.qasm,0,1,4,9ac80de7c82b224478c67ce83e506bc246edf627
54c8f710.qasm,2,3,2,9b91f389345d6f2e22c5084768d6723df14f5bd7
54f0b8c5.qasm,3,1,4,a2290ede8b9252ded554955d797058dbeda29d04
551cc6ea.qasm,0,3,6,5d6d53dc58ab9cc984a22d57a4ac4578c9deb6b9
568c1ef9.qasm,2,1,4,2e93953d422abbe7e56be49004297c43ec667486
574915eb.qasm,1,4,10,12103bfc6aba511fb33974e3563a31c79cc5f86e
577f5adb.qasm,4,1,8,be016a49d60b14804431934a059e582b9054c273
587be285.qasm,3,0,1,72a7e85f54637f9ba89f989142c6d623311b8eea
588e0101.qasm,4,4,10,2561b9082803c9f67952d4536f897ae4e2710ced
591d39f6.qasm,3,0,1,6c955c2515cf944a2d5aba7dacf253fd4b3a6ca5
59267ce4.qasm,0,4,10,641e8aefbf1204ce51167d1b93f4a01ed1dbefbc
5a4964e2.qasm,3,0,1,2ebe9a9c44bfb42ac46baac62d89c96177e67fe3
5a741dbe.qasm,4,3,2,9695b1c0dd80445fcea2841ccb3302f7b40efb69
5a9f20b0.qasm,4,0,1,0ac948e7f4daf09979805783684e9988feeb4e5d
5b419375.qasm,2,4,10,a46ee2d1201f87d86490efa45b4967c1035d5ba5
5b482142.qasm,1,1,4,a2cdc12c6ff476f9d7036f5ec294c990e0bc4896
5b58ce32.qasm,3,3,2,2c0b1cb6df8062c37d6e0a22c7827b3cfe991be8
5c176f37.qasm,2,3,6,08239d643ae109c1449c34ce558d80dae9e93180
5c2359c8.qasm,0,3,6,08131067683109a8bf9399841acf7e1548bd8a2f
5cfcb9cd.qasm,0,2,5,0c8cb1a59a9fe6046df21bfd57e0e6025f1361e4
5d14d092.qasm,2,0,1,e68cb398f5d4c29cdd52bc4ff138dde824843d3b
5d2b11a2.qasm,1,0,1,ef31baa015f991217211e6015157a0cfb0bef676
5d565485.qasm,3,0,1,308ae6ffeb81ce88389b41336ed4f4dbf4bf8f01
5da1db4b.qasm,1,0,1,db31dc1ae6ed13502f1bf191d4969c153a4e7c13
5e3dc35d.qasm,4,1,4,2319f32625b87d9f64ac0f88591351e2867fa692
5e4c8439.qasm,4,0,1,ab273999855fa515454753cddee54a005fdfd4be
5e6b0a76.qasm,3,3,2,703dcb55ee928a6d9c873ff7f92a4646cb697ea5
5eaee29f.qasm,2,1,4,354585907413c0a2df316405b8a5e3aae224b796
5ed4dd47.qasm,3,1,4,424d81a1d3a23371d4892e64604da69f5f25a472
5ee9c404.qasm,0,1,4,14109f4ce194d7dbbfc70d371f6889f5fbf817a7
5ef5ff7c.qasm,4,0,1,976a3dd7c7db177fd2229c2f7a86b147799207f2
5f0ad979.qasm,2,0,1,b64ac264fdb094943c3fc9914287d533f641c5aa
5f39af5c.qasm,0,2,5,8751f4110af8db6d89cd30750ae7b3fc38617bd7
5f6a8a9b.qasm,0,1,4,2e8d7a6dadaeb16202130760a5457600f0138a29
5f79d6db.qasm,1,0,1,be2a8f1fea46e06de384afc1c9fd8a2a483728ea
613afa2d.qasm,1,0,1,eca92cc5a0ed60be0193982b1f6728b5d6e130ed
622c4417.qasm,0,0,1,a13a919747db7cf9c7909aac8fdafced9faf9ce1
635bd24f.qasm,4,0,1,79337e86a4d1257a626d4579810a45c3565fdc9c
637811d8.qasm,2,0,1,bba880a0e8e3586cad009f892879b4334d999642
63aaa50d.qasm,4,3,6,ec62e91ad40c32977935d94636230aed60ea0b84
64273f69.qasm,4,0,1,2d46360057f5144d311df0abbd5a80ea04e716e9
6457f235.qasm,4,4,10,6071567b41126608409b7daf0dada180e75631e3
64731b8d.qasm,2,0,1,025336629cd3606c434eb2e2a1b33ef79cdcc19c
64f32748.qasm,0,0,1,c096b1e19c937078bfc45bb81e1b1f05608a7b83
6533abd6.qasm,4,2,7,f53093199c5575b4891ed5895c7d7574556e723e
65dcd512.qasm,2,3,6,630813e2255ccd8eb9625509e36dfcddeec0cd3d
661be484.qasm,4,2,7,da0f6e81cf152a6340237c326a061804ed9348a8
66343f14.qasm,0,3,2,38ee9a76ec6d48ae605c898761d0ee2645d4975c
6694b099.qasm,3,2,5,83d244df88a1c3c8b182b6621426435265b6161c
67346cae.qasm,2,3,2,2a21dd14c7d522b33480aac57827789946f58bb0
6740a375.qasm,4,4,10,de99eeb766c557febbcc1bb8ae91dfc46e00f2c7
6785591a.qasm,2,1,4,a2b2323d0e0c006c152fc8a103a9fb70f9815923
67b5fe45.qasm,1,2,7,e8d5f2fe64e234a114de6cab2d9e17b551de55c7
67f3547d.qasm,2,1,11,dcdce79ea6fc1b99deeae1e9c1cd9a3d72074754
68528bdf.qasm,2,1,4,ca46749230cd7810acfd754eb4f2ea65890b760d
699bd83c.qasm,0,2,7,f740fb099e1970b853fa61fafec2cdc0ff580ddd
69c7223c.qasm,4,3,6,281e3b74ae8b84a8f1f34219a1bbc44b7d973955
69c8191e.qasm,1,4,0,f53cc361f674ca7b7052c34f26f4808d34e83f74
69cf1b12.qasm,0,0,1,e18819fa52800688cd63c911650e2420226a4f7a
69e799fa.qasm,0,0,1,01371e2c2189f230e6850f9bd84e9123805e2af5
6a5034af.qasm,1,2,7,d62f9a44492181e551ce281dc0b8e84fe765c679
6bc3891b.qasm,2,3,2,93767d7e12c53324a137e440dcde9a873afdbea7
6c69bcc7.qasm,1,0,1,608a1afcf8e5248b0cf2dce138a24a308bafef7f
6c848dc7.qasm,3,1,4,52b17d67cc5de777fdb414c4fd6ea6b07cfe50f8
6d2833ea.qasm,2,0,1,02c02ab938a9bc1f9822fd35415397ab97b46ef2
6da6ce61.qasm,2,0,1,3c9b6f0dce9d1f5102b7551d25cb7053a05de85b
6de17b5a.qasm,2,4,10,00232ee555ff965d9bef9155d554d9bb2f1d8f63
6ee18f92.qasm,3,1,8,3fe79a162820828aa6c33ea78ba8ad317586ab28
6f16ddc6.qasm,0,1,4,c5b3cea0245ce7d7ab83e23046af70ede856348e
6f6328cc.qasm,3,0,1,53999bab641c73e8cc1c3aa8f5bfcff1b88d2f12
6fef948c.qasm,4,0,1,f8f547817b5e82292e1bf5e014c4c6c596caa90e
700c376b.qasm,4,0,1,536df2b5da3846bd99e81f930e50cc7a645429a4
7063be19.qasm,3,0,1,26f907c03d7ac74aca8b1ba6daaaa9c0a5b08ba3
70d5d461.qasm,2,3,6,0710fd5eff0a8afcab3e9cd255bfbdb05794b296
711cdd0b.qasm,1,0,1,0e6faf6428d0a906bf321e08116df6fac556412e
72b5f996.qasm,3,4,10,9079acbe73c3e52862ada100476790d490ec497e
72cc2f13.qasm,1,2,7,678ee5c0ebcdbc55158e798006322bc69bf1aa53
72d8892d.qasm,3,4,10,029eed33b23f7352c864e8cd1d939e4b04b74604
73191d24.qasm,3,1,4,5827ea0802bbb28d73e20e173074e585256fe79b
7337baba.qasm,0,3,2,1f0cc5fb4f550b1e7ddaf8aad4ef2d1e207d08ab
733f4518.qasm,0,2,7,3732c287ee771323a226dbf48b732f02cd675b40
73f498a0.qasm,0,3,2,cee5347ab0dad19ed4bb6445f5249bf2d5264d09
742bfb51.qasm,0,2,7,4cfdab3762bb460b5586bc2d386f55f9e6b2e37b
749ea355.qasm,0,4,10,8a0436c0bc1c214979a6cf302da023519f60e550
7513561e.qasm,2,0,1,7f023122bc60a1fbfbda4265798f5b2551274633
75137edd.qasm,1,3,6,7361e10fc24fe3d6df21da7e92c8d7c6e8e78306
751d7ced.qasm,3,0,1,88e36a194aff681e78b88531c5ee023e6e2c9ccf
752a65aa.qasm,0,0,1,5576126bec5fed32b869a5e01d4a6bd1ded7c90b
7548d858.qasm,4,0,1,e566473bbd781a39d36b1779c3f37497880824c9
758554e0.qasm,4,2,7,b90793453797bed8cdd5fd48a277ce7174e03a8a
75bd5cbf.qasm,4,1,11,af217233f43df84d6faafd850e2559f3f23f07c6
76034335.qasm,0,3,2,959cbe385b74dbd4f20f1ad98a84df84a9776512
76d0b692.qasm,0,2,7,3a365eeb29c6f108c355db7a972c3f09ae769203
77a3a480.qasm,2,0,1,c540c9317a7cdfc81f52089542147b5d941f98fe
78adf5c7.qasm,1,4,10,a9c7637a4d0d59b5d0509115f8eaf877f93f77bb
78f96e37.qasm,0,0,1,6ae5b77743a89a4918e67ffb592ba140e512d2fe
79b12d71.qasm,4,0,1,e327fc97fd3f7c2e32651e9d41938d930442af4b
7a0c7e70.qasm,3,2,7,096ac47cd5327f1935f4bea258718f476c7e47b3
7a1c98cc.qasm,2,4,10,f31ec6edec35ddbd7f83b217f61d271c7a40bf8c
7a79f013.qasm,0,2,7,5e16716c20c605f80db8c0d6f363c0d3b8d762a0
7aad2132.qasm,1,0,1,fbc1dd7555a61f4fcabac1244e9322f69029f5e8
7afdbe61.qasm,3,0,1,3e24da94332de841c762ade6b35cd48a72a8b0cc
7b19558f.qasm,1,3,6,751e98e4ea6c02c319b29c8a74823aaacef013d4
7bab61ca.qasm,3,1,11,65c46bda2220015a60786788b24321e614d16bd9
7be7d477.qasm,3,0,1,138d9959df1f2fe43c36d4ee6e30ce7599e767ae
7bf0f1bc.qasm,1,0,1,a726c78b1a40e195353791827c6a35a49bd91687
7c9f6bae.qasm,2,0,1,1a3939b17d5d2d303fde28a955e489f334c4909b
7d6d9a38.qasm,2,0,1,eb1aadb64cbf972b0be9689da1dad515367a5a3d
7db40afb.qasm,2,3,2,661db9db00027d122a8b259bfc340075684e0017
7fdad0c4.qasm,4,0,1,ecd43f6eb95794716ff36b4dbb593077373ff24b
81af3d74.qasm,1,3,2,d878ea40acb6ddde1e1cb810f0bba0a08e803722
81f388c7.qasm,3,1,4,b9558adbdad9ed704facf3414a3095dfbacc041f
81fdeb0a.qasm,1,3,2,e9701a6d0bbc40c923df0716efff5a1bf34ec77d
827a3442.qasm,3,3,2,d956fe94e783229ad45542de0d9493c2d8f36621
82b89c68.qasm,0,0,1,d755b2b1d79a3428d3ad94b5a8d49c7e36a14f28
831c33e1.qasm,0,0,1,dc6b20384981a8b7c6d3ae81637d721ffbbad79f
8335b01d.qasm,1,4,10,e262f73a388d14bb86261f12d86a747fee93b0fb
834596bc.qasm,2,2,7,1491ba9220e11d7490aefc67c626841718dd85de
83b22dc5.qasm,2,0,1,beb422588d6690816faaec3703c76314e8148945
8400dcc1.qasm,3,4,0,612b665c62f7d4714f6fa721f208217e63821c2c
8422040e.qasm,4,4,10,19cc0669542507780f734ea7dbaa423297647770
84fe3fba.qasm,0,0,1,73dd253a1545dca6a5a75c22078b1391f4122596
85317608.qasm,1,1,4,368674aefc1f675554c324ae226787169e61292c
85863407.qasm,1,0,1,8655f03885c340f27d3d4e91bcd2b91875d5a06d
860cc392.qasm,0,0,1,87c78b2ae5684e918c8544ed64786b833db4e35c
86464ad3.qasm,3,1,4,95e9fac6d797695fb4239b3fc3abc8c969bdc3ec
871618c1.qasm,4,0,1,8f882bcc77ecb004a2fd8c876defecbc34d51105
8732dc00.qasm,4,4,0,55a4f67aee4bbc6496199e0644528fb0cd0bd0d0
884b47f6.qasm,2,3,6,e7bb35430b5470bbc97240ab62644ac034eb5ec8
885efe5b.qasm,0,0,1,4d60a157718a987a2f5ece352fc1a97b08d10119
8930abda.qasm,2,4,0,5e26a68c03cf04b8f9775adb1421ada8079492f3
896404d8.qasm,3,0,1,fae4523ad3cac8463f010ebf82f9f5956b03b3a4
8a146ce3.qasm,2,2,7,7f9c5d3e8dc6a2976afd3b0d8882be8f622bc36a
8a1c1c3f.qasm,0,1,4,d33b424d8352daecfd70994dabfb39454e5215bd
8a2ab626.qasm,1,0,1,8b9f575dfa5aa62e84a3be89c2828f676168974e
8b77bf87.qasm,1,4,0,e4233f48f7afc747092a0ea0245e14bec244495b
8bd576fc.qasm,3,3,6,d4409a098fa9b612cab64ff0cd78adca22823310
8c01a935.qasm,3,4,10,3f27913aa393f1801311c1d87fb5c9fa89aaea62
8d5010bc.qasm,2,3,2,5071a338c72ad1e4c7247c09a93b6fefab919adf
8d9d4033.qasm,0,0,1,7786041e9665fb51dbefdd284a2d158747901c8f
8e84b85a.qasm,2,2,3,b29f9cbc731cf55bb069ad0ace249d97edb71da0
8e9564e3.qasm,2,0,1,da4db61e26cd84bc5d773d636a002655c49c2df0
8f4e1b64.qasm,4,2,7,44ac9bbfb539c9376aa3eee9406752d778cacdf2
8f564e3e.qasm,1,0,1,6070a8bf123e99c0c384d684d9699d6191a7ec72
8f8fbcbd.qasm,3,2,7,0a7dad3e9dcc35a31b4c661a682d2802cf66bdda
8fb9e9ac.qasm,1,4,0,64050852940c673f4375771a762dd5c84cfc89fd
9143d50f.qasm,1,4,0,2efa56536f1f43b38b5e20c7d902aeef0169c815
917fa943.qasm,3,3,6,d16ebf82f36da3bf86583614d26f1401f38f8dc3
92f98bb3.qasm,1,0,1,f8b929b288ca8aa94705b15eb8486054845bca0e
933b305c.qasm,2,0,1,d4b51015da31811fb83b1f51cceec9a8f1c39412
93865be7.qasm,4,3,2,430987ade37f3c825ac1fc6b277d11b9ec0ca0a7
9395edc6.qasm,1,1,11,919f9e71c0b635c29f048ac16e15e23c41b1ad7c
93c78575.qasm,3,0,1,c0d1fb501f173a0b90160b3fd461b1c14a332af0
9429600a.qasm,2,0,1,a7f0b6e42368236ae6b0be2477f1d06644287ab6
94f4e26a.qasm,0,0,1,00868bdc3f8106722c1cf61b60c93494971d5b72
950704f2.qasm,4,3,6,5825898551b0b0b93cdbf85038542aee233adea0
954ad251.qasm,0,3,2,9cce691360027a12aa82850209f94da811ed3ab4
957c248b.qasm,2,3,6,4e41487a056c00f27cdcf65f8bad2f586697beda
964382be.qasm,2,0,1,219e9bda8728369613dc0125e5be42e676bbf76f
965eb08c.qasm,2,0,1,f914cf859a59ebd8f0983dc568bf0df4a6d45531
96876fa5.qasm,1,0,1,98cba83e3813a833e0f98e348911c7231400de89
96f82da7.qasm,2,4,10,671721df793983e11d5491c63c7d3e5328abfdc9
981d8651.qasm,1,4,10,d96be219d5eeed671b7d3491efba2329e05bd7cc
9a442b56.qasm,4,0,1,b3200ebc51f13f2f6d12b63ff2fb71bb18a28193
9c6b6510.qasm,0,4,0,7b2c54498d3debbc802c1c050d21ed8a70585ae3
9ccf974e.qasm,2,1,4,9da295b97ea1a464737083302366bb424d1f001e
9d76010e.qasm,4,4,10,d21168319e0d1fd89b66661ef52280ad74541ea4
9d7cbc78.qasm,4,0,1,85bb4276e1dd8b30a6a95584747b3b2b692468be
9d7e60b6.qasm,0,4,0,f5f6acbafdbb0252511f9bb1a72dc5b71d5f1b39
9e3be92a.qasm,1,3,6,5e0d60df627afaf7ca9567e15648627470a5fcdf
9ea3bed5.qasm,2,2,5,cdb597905f85e0d02214e3ce0090c33e6e4c1870
9f744e04.qasm,3,2,7,e5164d8e3ee79611094cf5fe6204176784101f43
a0a79499.qasm,0,4,10,e6bb814a59e44a8b2c538b6d370a3731b94375b1
a0b53b67.qasm,0,4,10,e912ee4f1bb939183aa8392711f89d2120ac88b5
a169a3ba.qasm,4,0,1,1a17138a06b50469387b4123eb101aafa122eb33
a1b3d3aa.qasm,0,4,0,7dd938657cb20b740f21788021aa79f4a7d97679
a1bc8d56.qasm,3,0,1,73063cf695f9bbebda43f230dc35765ede527466
a3cb01ca.qasm,3,0,1,47fd15106fe3833c5f395745dea2a40318dc71d3
a409aaa1.qasm,2,0,1,8c2c8090de7c4a988c1001871d477c0f3f258eca
a440a477.qasm,0,1,11,32883c5df5e71e936f00362279649e735627a690
a44fdc9f.qasm,4,4,0,bf65f34157c42c53ba382b64a93a486a6b7e51c9
a4f95806.qasm,1,1,4,b5c9593a735e245ea9f1090aead3f85cca7783bb
a75c691c.qasm,0,0,1,6ff051cdbe2c5d6e0bcddd7b45dc9dd594071cd4
a8818670.qasm,1,4,10,3bd8a1855654cfcf39fafc26be218dd51558056d
a8b40b61.qasm,3,0,1,065105344be1495e6c9622f86045721f5b658af3
a8dfab96.qasm,3,0,1,7dc6add76861bf5ad8ad48212715beac5e680d30
a9091180.qasm,2,0,1,4072172ab9a561491116670bca720cbfd16ccab3
aa41f5f1.qasm,2,0,1,38e76e59701511617fce98add5b63c9f312928ff
aac529b2.qasm,0,4,10,6b15f8db3444b0a015ba337e2a3f6a8830f119e4
aaf05f5c.qasm,0,0,1,07af65f6d1311d5ad980bc8c42bd8b26d80f121c
ab65fd24.qasm,3,0,1,8d44a482d1c1e47bb3d4a01cf762911662eb9232
ab8a1b3c.qasm,2,3,6,9f38f6967f887adf73756ca4a27d7040f5e98b71
ab964bf6.qasm,3,0,1,d9300d986022309ba21ef5181f9856889724ba96
aceda861.qasm,0,1,11,a5e544bc837be3f2d333a4e286978e6e0a9d7aff
ad2439c7.qasm,3,0,1,98e1cc33fd53dcec9af570719d4ed56c6bb58e8d
ad74d7c1.qasm,4,2,3,bf7bffa6aaed4e9bc8fedd63c2a0c0433be7ffb7
aed3c1af.qasm,4,0,1,cab683354c6562dda562e3b9248ed3fee91784ef
af2659f0.qasm,2,3,2,f1b38b421b980780eb4528b4373ebf56ff2f0af0
af88ad19.qasm,0,2,3,b8ff169925dc9c47ef95ee75c27c11e700dd47d2
af8b17d0.qasm,0,3,2,a3b32c13aa8eb0670deb38529fe009f37796bdec
b06c81ca.qasm,1,0,1,45a99ba4a2334c479e19c4e4a2ec1f7026f73319
b11883af.qasm,4,0,1,61dbf21a4887e3be3f397bbb2d4746c1a0e3a3b9
b1ea1d60.qasm,3,4,0,9961ff99ffe53fedbc98ffd02b340e6d7b5d3fef
b2346111.qasm,3,2,7,972df51f5b7a71721a411cfab022db85ac681dfb
b38d732e.qasm,3,0,1,605f69ebde5ea7e18851214fcac97741d6d3ad5f
b469b640.qasm,2,1,4,d620201301ec67e4615c474db0a2119a7210bd2d
b4976343.qasm,2,1,4,9a959a21bbb2b5d34fdfad2d9b7fd6847a35720f
b4c090da.qasm,4,1,4,b1eb6d969ac8032247d4f57fcb940e3ad7664767
b5baa095.qasm,0,1,8,2821e96f6a3f47656bbce5dd381e99829197b512
b5be0645.qasm,2,0,1,3bf73d3911faf5105b6fb6fe83be0195cde4e085
b601af0f.qasm,1,1,4,417266d71251331b691affdd2e30b874a89f8815
b630efea.qasm,1,0,1,b9819f72c4b213b6cd7ad91ab77743d51029b843
b680d160.qasm,1,0,1,c810b5bc01e79af14e63942087e0170c9798f40a
b7694c8e.qasm,4,0,1,6c298cda7ab1b6e939704f43dcb36c8e1a3d8971
b792cc98.qasm,1,3,2,ecb577299bd8cfc06bbcd0670eb803d75f95d554
b97c72bf.qasm,2,1,4,7e89c5926c5fea662c4156ab1a55bed63740d4b1
b9ba0e84.qasm,0,3,6,4b870d85774554b55b229a96aaeeabe7e4453f74
ba0c09b8.qasm,1,0,1,bc32bf12f49ebf26d88241501f200874ac51b0c2
bb291a8b.qasm,3,0,1,c1b37d1449ce64a2fbadd1012ac01cdeb82546a3
bb50273f.qasm,0,3,6,569f44f3f8dc0d5caec4c6ec08191739c54da350
bc99b330.qasm,3,2,7,7dca6c4d9db837f38f3f28e8840195e4c77e14ff
bc9dd950.qasm,0,0,1,2a30dc8abab70976dcc37c42578a4863e71e6ab9
bd32080b.qasm,2,2,7,f0d978a0c9f8ffdb67828d5af465fd26c38631af
bd462bd7.qasm,1,0,1,109ea8f3eed639b78e155f0ec95a1e6138a25875
bdd2c3ff.qasm,2,3,6,a7d1c35830385c071e45ce316c2bac422b82fb53
be527b4d.qasm,2,2,7,e4f6a8bd74da17e12f232beb330a08c0b57de680
bf029799.qasm,0,0,1,e45507a00e9148cfcb7b15badadaf013f0012498
bf0f8df9.qasm,0,0,1,a054d427e0dbd7740564a711e76eebf496750960
bf9674e9.qasm,1,4,10,d43b5c1cda06eb0fb60a5f58f209680ff22bd9d2
c05aa9cf.qasm,0,0,1,431456fbc0eb75846b95436439c17bcd359c5dea
c0a1d157.qasm,1,4,0,4c2d5ee5a233b71c1192c57bad9b16148cd0ee02
c0ffe57a.qasm,1,3,2,48740c051fb87abc0c00c4d9fe0432b581f3edbd
c20bb346.qasm,3,4,0,3bb52ad327a6ead71d3114f7f17562dd3ed1b9e5
c246552a.qasm,4,3,6,d22c2118e43056ba135202d1b358c6da9bb83538
c39fa73b.qasm,2,1,4,d11e8df6fb3016c672fa3a7ebb52e6bf849c8260
c3c0513f.qasm,4,1,4,69bbba1dcb90155975bd5869ed9250f38a7a9028
c40ecada.qasm,1,0,1,41ccef90a4270eeb302d6cb414dd890e38472aa1
c4c36286.qasm,3,0,1,e75608c4a5ee66764e8560e98c5fca40da07ac5f
c4ff2c11.qasm,2,1,8,31e88de31823661c2427a32cbdea861e97a77f5d
c6678d16.qasm,2,2,7,6cbda12053dabd971d8d74df7e33652af862daa2
c676cfb4.qasm,1,1,4,0aee33deb52da433f793f39c14ed4e41edd6ee5a
c7670b0a.qasm,1,3,2,c88122eb7dfacff125ca16621b7ac7ba5d86c2d9
c7a93f95.qasm,1,0,1,b5e8e0ee19a1163b692aaa5b1a75acdcbfa3791c
c7bddf55.qasm,3,0,1,5283b710f1337035cbdb2baa5f5b31e30611b3e9
c82bb473.qasm,3,0,1,e63ea7a27861fc5cb8ea3a8f9a3a3fc950e12d9c
c84ad65b.qasm,1,0,1,5c91eb71fa84963e152e6e3204ec91e6a788d24a
c8afe1ad.qasm,3,4,10,2c71081c9a65014f87ef9674e5279b72daf7a841
c945995d.qasm,0,0,1,97e1078735570f58d05b91aa5494da8c8c434931
c95f41f8.qasm,0,1,4,1f36838baff0b8a84025cda183a32de94642ebf8
c96fe790.qasm,4,3,6,960a4f9d61307f99d111d658bfe1b8cf6c5bb3fd
c999af32.qasm,3,0,1,74034739e17bba1322f87021ef742b94206fc16c
ca0a2ce5.qasm,3,0,1,0537b664dcf2059b8292b99133b1da80535b6896
ca634f4d.qasm,0,0,1,61ae9c7d395e43e334f5744b7c98fa64e585b48c
ca8c6d9a.qasm,2,0,1,0980bdfd7d03a0f193257e3d11d538a530942080
ca980007.qasm,4,0,1,1938590bcee064a1a3b1b339406cc2f5fd7d33d9
cab2b6e9.qasm,3,0,1,92f404d5ebd87c0877d05980c27bf438c11f9bc4
cb2b300f.qasm,4,0,1,e1b7f81f119ddf34f3d7c8554b395f07c23fa16f
cc5bc6eb.qasm,4,1,4,9618587f93d7fe9824961d2538583cf0d52c6694
ccfd978a.qasm,4,2,7,fe93e0fcc463d4e61f90a9fa267de9ef38be6b67
cd51d9b8.qasm,1,0,1,dcd3a71c771dc25a72d80e12eea31b754649a96f
cd592018.qasm,0,0,1,b9a44719b661e4aec2fe9cd85376c05a5e2c5610
cd5b55b6.qasm,2,1,4,78e655ff0f00ef8c7cad8464170745d96adf2d54
ce4f4dde.qasm,3,4,0,de972b71a714976cd832ae0bc9b2d52a7d7ec67f
ce7207a3.qasm,2,0,1,fe47fc9ca91d5d874b208d1de699e90159528cbd
cee426fe.qasm,2,4,0,53751b2469957db6132089ff12d4c79f037c1a23
cf2c4cc9.qasm,0,1,4,f99b23719287b1265f45a0714ed5f57f16990967
cf5bfeb1.qasm,2,0,1,46e8140bfa957a04fee845c7f96b68bb4f8158f5
d168a391.qasm,4,4,0,a7a1933335f927062bbe850ff5cde0b3597dd91b
d20d9d2e.qasm,2,0,1,65bde6f2a858447b4f9544a67f6ddd31d49714fa
d21812d8.qasm,4,0,1,7f701515d9dce846c1e17279554b15a33456c363
d2ffaf7e.qasm,0,4,0,df52406c113eee10924bd403ff56c3682a13a9e6
d3f98c63.qasm,4,0,1,63829d56115e572cf265f9c812d7248b9b2fe26a
d3f998bc.qasm,1,0,1,0765bd0abd09457f19de4f3d57f4591e2191c796
d49ba491.qasm,4,0,1,5e452976757410584c86a0f2578b8c255b216465
d4a7f2c7.qasm,0,0,1,b13e9664bb2905e5fc069b22f552dfaf81819f1d
d706049b.qasm,1,1,8,ca8729f1ab5c9bc59393df0c5ad5f05da84e86d7
d70a0bd6.qasm,1,2,7,07fe3bc23c2d3a68b9fc166348ce1e867d2898c5
d7fe8918.qasm,4,1,11,9b9b57ec97bef3bbfc9f685b7d4d2cd70a43caf6
d87e1b4b.qasm,1,4,0,ced88ba59f377e2b43377aace06814f2d50a1a28
d9b603b5.qasm,3,0,1,10af9f90c1a8e65be3ddfc206be53143550c163e
d9c77e07.qasm,3,3,2,cd955956e4a5afe050f5ee6ecece0baa6421c305
da0e58a0.qasm,3,0,1,279abfc703cec84b4557d080a6477da10a28d4ad
da213329.qasm,3,0,1,f68d5b1ffe7dbc51aefb62c6883fc5af8c7ea3a6
da3a2f77.qasm,2,0,1,1145a709c5388d2b6239a05f5131adacdf42e69d
da4d0871.qasm,4,2,7,185b3150d8f92c576600ba0a17a15f8e1ea7e291
da505823.qasm,3,0,1,326b3551bd1f52d4fe0f2bcb2821d5e4f0e011c5
da601912.qasm,3,2,7,b7b95705e73eb318a8c782bb5934efe428ee47a2
dae23358.qasm,1,0,1,feb5835ebcf7803056008ec935c31d201c684209
db12c1f0.qasm,3,3,6,0cdbab2ce24b20b03f79f4f29e774d8aa953c461
db6ca211.qasm,2,4,0,e853ca96642a71d4a27d33ed059f944fc520da8f
dbcc99b4.qasm,3,4,0,028db595ce5c97120f09217dfd7b07912d02d8fb
dc86453a.qasm,2,2,7,ccd31b858919403409ce7eb006cff7e17d31fffc
de690b52.qasm,2,0,1,d8ac92b166a3ffd28623eee4bfc6a0fac85cd130
deb00fe1.qasm,0,3,2,c796919b72c38340478d8dea58a7d0ba8a2fe8fd
df1a7a89.qasm,3,2,7,6e24bdfa26ebe6b3a8b4cdfcfeddb3f4912d0465
df43c2c2.qasm,2,0,1,b417499a3a5ee4d220c15a49bc26eb7d31bf59e1
df458745.qasm,4,4,0,bb056fcc362df786fa1fc31c976c78aa5f6f5c9e
df75e229.qasm,1,0,1,c6099b59911bbb5833ba1dc442c3c5026263e9ea
e10d312f.qasm,0,2,7,1937fcdd77727246eb87a86fc42aa083dddefb31
e260fc6a.qasm,1,2,3,c32fc3005067dd3a749f6ab4548650c0aaccda38
e3863462.qasm,4,3,6,1d6838cbf2fa094a007f157a4996912746ebafaa
e3b97044.qasm,0,0,1,2d29180d5d51e00b179d963616d73321c183a0ac
e4a4359e.qasm,0,2,7,bb58bb92b0ec2b01b26df21730d429cf774e5964
e4b50619.qasm,2,3,2,b3749a43e12dc32e579ee97621f5a30ed0802063
e61acd2b.qasm,0,0,1,e097a2816e95ccd692f0a0cba58892e3ae7b7e3b
e66c3381.qasm,1,0,1,d9e634eebb994a6d954bf1baeee873bf288588ec
e698c12d.qasm,4,3,2,d2dd32b364ebc026ce6009b0f7b8a734c9b3d7e3
e7296260.qasm,0,0,1,affb8fdd81e8f847fd6c81b61bc8d77cacecdec3
e751ad87.qasm,3,3,6,309ff6156b284f0c2df2722d00454d4686f38d23
e7540ce6.qasm,2,0,1,ae77abbe95e1ea49cd8a34d088cde08db54fbe6e
e815593a.qasm,4,4,10,ad0c3493cde432636cd5dbdca27b2a56d9debc67
e893b1a5.qasm,4,2,7,f1c88333cf05dff6fb07d24cd198aca3f6cdb4fc
ea801020.qasm,2,3,6,d734f9507341fc07e287de315dd45f0c632ab0e2
eb153d64.qasm,3,4,10,195c262e8390209d26dd31d20f35a36f1eacb15f
ebb0ac17.qasm,0,2,3,71370f7ae8cbbc02c05ce896beacf35e8b4c0cc0
ebc18fd7.qasm,3,4,0,adee00192c85e8edb740687be1f6bc65ed2ceca2
ebc3e166.qasm,2,2,7,61fd5ee4e390d0d21aba98439e387775e5e7babf
ec70915a.qasm,0,3,6,1a5f3a5334bf4ff107e0f9513fdf96a5c06f6c09
eca6fb66.qasm,4,0,1,bb396589fdfa42c345b706b5654f7def8c8fb161
ed52defd.qasm,3,0,1,63cf1bc16546ef8fe665a063691c8bb87e22276c
eefd994e.qasm,1,0,1,b469550056bcfdae0de20a9684eef0a198db280a
ef8d10d7.qasm,4,3,6,2386fbfdae66f7fe07f9b1aef67aa3e41303c018
efafd44f.qasm,1,1,11,33b7b91da3c53011ea34c0e44c6088ebfa9f9f73
f030e083.qasm,4,3,6,e7e542ffdfd3b6dec00aaa6fb82cd1494a40debf
f05a6196.qasm,3,3,6,3c1750044fb5c647a5de0bb209234b5981bdef47
f0c5e28f.qasm,4,3,2,c440667abc7be6bfa30e7280ee15b605297f6675
f0e878db.qasm,2,0,1,5e7fad196ccef611a1ede4a0a6cdf0f63c5618b7
f0e91b40.qasm,3,3,6,1d9eec1b9a534c1b34dac39e2b3c343842a67a94
f1167cc3.qasm,1,0,1,b4dc6b1e099062c6a2de28a8c5498cd8f86b4831
f163436d.qasm,1,3,2,dbcf37b064a93de2c794b92542f63a3e61ec9a22
f1bcea54.qasm,2,0,1,b013a61b88b9c57bbe664c7b167549b8d29fd233
f27a09cf.qasm,2,4,10,f70091ef0f0043f5f4e7f9d0df8adc684d3f0683
f2a5a67a.qasm,0,0,1,9119fe0998611ebc82957b91b8a9fbf77b455f84
f5398281.qasm,2,0,1,5fe4d761b63061c9642ffa6c7aab2caed740a55b
f5aeb6f0.qasm,3,0,1,8a57ca9e508e4213ba10fd1a7b0a79dd30bdfb7b
f5d72dae.qasm,3,4,10,69219fdf8889167319ebff10e0aabc5aecc8e230
f67ec297.qasm,4,0,1,e68b348d59c6676e6f464fcd68361a592fca8bfe
f7ff0727.qasm,4,3,2,f940998dc9e4495772fbb0a9aea0f2bebf05db5f
f8a38627.qasm,4,2,7,e89a8e8224bbf3bbeebc7a47922d13bf1b22fbf8
f8d235ae.qasm,1,3,2,a7dafeec6937fe440b11db4d6200e2c662ce66ad
f98536e0.qasm,3,3,2,ae543cb60ef492df3163a9bee157e33d760ea724
f9fee41b.qasm,4,0,1,b9431ed22b97333b0f9c9f97d0bfb963dc09af6a
fabdaac7.qasm,2,0,1,a288c742f75e2fb6e8f6bdaebf2bd22c6ff18812
fadf1f0d.qasm,3,2,7,091f394691f7e99646d45ec69f6f99fabe655599
fb107df5.qasm,3,1,11,42a875431332645b46a2c6d920870833f6c95529
fb7e6eb0.qasm,1,4,10,77fc6ed124c6ae93d187762b4b1a95e2cfc7a974
fb8a2851.qasm,4,1,4,9dcba07a26058405a5a456cac6405e36b40467d5
fb9223a1.qasm,4,1,4,2a62ac469e55ea40e4c4175f079cfcd1ebe370fd
fb9be929.qasm,1,3,2,d44c4da25cde27dd6e0e65b981317a8d6d03d323
fbcf0ea3.qasm,4,0,1,cdaa4201c7dbed5cfb16128f639e81fcdf5c3073
fbdc2a1f.qasm,4,0,1,fc71ead5077d59cd47ae58ab3fba222288b3c24c
fbe1d41c.qasm,4,1,4,831ce896a9f3b5ad9eb6d91894cf6bdb87c4e431
fc1ce5ab.qasm,1,2,7,0a30df18f56e2480e800fdbff15e0102fb114d7d
fc330f35.qasm,4,0,1,dfdefb18849ecec724cba111427e68fbdde8bfd3
fc56714f.qasm,3,1,4,6853ba29be4f28b10292fa50a8b7193c8ebf96a2
fc5872f2.qasm,0,2,7,d14447c73276347191438d02d3c814eefd796a5e
fc66bdd4.qasm,0,3,6,942bc40d33575aa0ecd28cff92c64ee46e01fcd7
fdf0b97e.qasm,0,0,1,819adc95b9d956fcbde4607780eb5a7db58b78d8
ffe82f32.qasm,0,1,8,1580f5842003616d1483c8684e11a7bb67aac24d
