ordinal,feature,view,global_runtime,runtime_16,timeout_16,runtime_64,timeout_64,runtime_512,timeout_512
1,cancel_pairs,primary QASM parser,1,1,0,1,0,1,1
2,chi_timeline_mid_t50,primary QASM parser,1,0,1,1,1,1,1
3,chi_timeline_mid_t90,primary QASM parser,1,1,1,1,0,1,1
4,chi_timeline_post_mid_sat_twoq,primary QASM parser,1,1,0,1,0,1,1
5,clifford,primary QASM parser,1,1,0,1,0,1,1
6,component_dense_over_128gb,primary QASM parser,1,1,0,0,0,1,0
7,dense_over_128gb,primary QASM parser,1,1,0,1,0,1,0
8,depth_per_qubit,primary QASM parser,1,0,0,1,1,1,0
9,diagonal_run_frac,primary QASM parser,1,1,1,1,0,1,1
10,diagonal_run_max,primary QASM parser,1,1,1,1,0,1,0
11,effective_ops,primary QASM parser,1,1,1,1,0,1,1
12,fingerprint_grover,primary QASM parser,1,1,0,1,0,1,0
13,fingerprint_phase_dyadic,primary QASM parser,1,1,0,1,0,1,0
14,fingerprint_qaoa,primary QASM parser,1,1,1,0,0,1,0
15,fingerprint_qft,primary QASM parser,1,1,1,1,0,1,1
16,fingerprint_random_grid,primary QASM parser,1,1,0,1,0,1,1
17,fingerprint_variational,primary QASM parser,1,1,1,1,0,1,0
18,gate_cp,primary QASM parser,0,0,1,0,0,1,0
19,gate_cx,primary QASM parser,1,1,1,1,0,1,1
20,gate_ry,primary QASM parser,1,1,0,1,0,0,0
21,gate_x,primary QASM parser,1,1,1,1,1,1,0
22,graph_degree_entropy,primary QASM parser,1,1,0,1,1,1,0
23,graph_density,primary QASM parser,1,1,0,1,0,1,0
24,graph_mindegree_width,primary QASM parser,1,0,0,1,0,1,0
25,graph_rcm_gain,primary QASM parser,1,1,0,1,1,1,1
26,largest_component_frac,primary QASM parser,1,1,0,1,1,0,0
27,late_new_pair_ratio,primary QASM parser,1,1,1,1,1,1,1
28,liveness_mean_window,primary QASM parser,1,1,0,1,0,1,0
29,measurement_early_frac,primary QASM parser,1,1,0,1,0,1,0
30,nonclifford_ratio,primary QASM parser,1,1,1,1,1,1,1
31,one_q,primary QASM parser,1,1,0,1,0,1,1
32,ops,primary QASM parser,1,1,1,1,0,1,1
33,peak_window_twoq,primary QASM parser,1,1,1,0,0,1,0
34,qasm_bytes,primary QASM parser,1,1,0,1,0,1,1
35,random_window_entropy,primary QASM parser,0,0,0,1,0,0,0
36,reset_early_frac,primary QASM parser,1,1,1,1,1,0,0
37,resets,primary QASM parser,1,1,0,1,1,0,0
38,two_q_ratio,primary QASM parser,1,1,0,1,1,1,0
39,twoq_window_2,primary QASM parser,0,0,0,1,0,1,0
40,twoq_window_7,primary QASM parser,1,1,0,1,1,1,0
41,log_barriers,log1p primary-parser transform,1,1,0,1,1,1,0
42,log_cancel_pairs,log1p primary-parser transform,1,1,0,1,1,1,0
43,log_chi_mid_budget,log1p primary-parser transform,1,1,1,1,0,1,1
44,log_chi_timeline_mid_auc,log1p primary-parser transform,1,1,0,1,0,1,0
45,log_chi_timeline_peak_auc,log1p primary-parser transform,1,1,0,1,0,1,0
46,log_chi_upper_mid,log1p primary-parser transform,1,1,0,1,0,1,1
47,log_chi_upper_peak,log1p primary-parser transform,1,1,0,1,0,1,1
48,log_clifford,log1p primary-parser transform,1,1,1,1,0,1,1
49,log_conditional,log1p primary-parser transform,1,1,0,1,0,1,0
50,log_custom_calls,log1p primary-parser transform,0,0,0,0,0,0,1
51,log_custom_definitions,log1p primary-parser transform,0,1,1,0,0,0,1
52,log_dense_log2_bytes,log1p primary-parser transform,1,1,0,1,0,1,0
53,log_dense_over_128gb,log1p primary-parser transform,1,1,0,1,0,1,0
54,log_depth,log1p primary-parser transform,1,1,0,1,0,1,0
55,log_diagonal,log1p primary-parser transform,1,1,0,1,0,1,1
56,log_diagonal_run_frac,log1p primary-parser transform,1,1,0,1,0,1,1
57,log_diagonal_run_max,log1p primary-parser transform,1,1,1,1,0,1,0
58,log_effective_ops,log1p primary-parser transform,1,1,1,1,0,1,1
59,log_fingerprint_arithmetic,log1p primary-parser transform,1,1,0,1,1,1,0
60,log_fingerprint_ghz,log1p primary-parser transform,1,1,0,0,1,1,0
61,log_fingerprint_grover,log1p primary-parser transform,1,1,0,1,1,1,0
62,log_fingerprint_phase_dyadic,log1p primary-parser transform,1,1,0,1,0,1,0
63,log_fingerprint_qft,log1p primary-parser transform,1,1,1,1,0,1,1
64,log_fingerprint_random_grid,log1p primary-parser transform,1,1,0,1,0,1,1
65,log_fingerprint_variational,log1p primary-parser transform,1,1,1,1,1,1,0
66,log_gate_ccx,log1p primary-parser transform,0,1,1,1,0,0,0
67,log_gate_cx,log1p primary-parser transform,1,1,1,1,0,1,1
68,log_gate_h,log1p primary-parser transform,1,1,1,1,0,1,1
69,log_gate_p,log1p primary-parser transform,0,0,0,0,0,1,0
70,log_gate_rx,log1p primary-parser transform,1,1,1,0,0,1,0
71,log_gate_rz,log1p primary-parser transform,1,0,0,1,1,1,1
72,log_gate_rzz,log1p primary-parser transform,1,1,0,1,0,1,0
73,log_gate_s,log1p primary-parser transform,1,1,0,1,1,0,0
74,log_gate_t,log1p primary-parser transform,1,1,1,1,1,1,0
75,log_gate_u1,log1p primary-parser transform,0,0,1,0,0,0,0
76,log_gate_u2,log1p primary-parser transform,1,1,1,0,0,0,0
77,log_gate_u3,log1p primary-parser transform,1,1,0,1,0,0,1
78,log_gate_x,log1p primary-parser transform,1,1,1,1,1,1,0
79,log_graph_cutwidth_original,log1p primary-parser transform,1,1,1,1,0,1,1
80,log_graph_cutwidth_rcm,log1p primary-parser transform,1,1,0,1,1,1,1
81,log_graph_degree_entropy,log1p primary-parser transform,1,1,0,1,1,1,0
82,log_graph_mean_cut_original,log1p primary-parser transform,1,1,1,1,0,1,0
83,log_graph_mean_cut_rcm,log1p primary-parser transform,1,1,0,1,0,1,0
84,log_graph_mindegree_available,log1p primary-parser transform,1,0,0,1,0,0,0
85,log_graph_rcm_gain,log1p primary-parser transform,1,1,0,1,1,1,0
86,log_graph_span_rcm,log1p primary-parser transform,1,1,1,1,1,1,0
87,log_largest_component,log1p primary-parser transform,1,1,0,1,1,1,0
88,log_late_new_pair_ratio,log1p primary-parser transform,1,1,1,1,1,1,1
89,log_liveness_mean_span,log1p primary-parser transform,0,1,0,0,1,1,1
90,log_liveness_mean_window,log1p primary-parser transform,1,1,0,1,0,1,0
91,log_liveness_peak_window,log1p primary-parser transform,1,1,0,1,0,1,0
92,log_max_degree,log1p primary-parser transform,1,1,0,1,1,1,1
93,log_max_span,log1p primary-parser transform,1,1,0,1,0,1,0
94,log_mean_degree,log1p primary-parser transform,1,1,1,1,1,1,1
95,log_measurement_early_frac,log1p primary-parser transform,1,1,0,1,0,1,0
96,log_measurements,log1p primary-parser transform,1,1,0,1,0,1,0
97,log_multi_q,log1p primary-parser transform,0,0,1,1,0,0,0
98,log_n_qubits,log1p primary-parser transform,1,1,0,1,0,1,0
99,log_nonclifford,log1p primary-parser transform,1,1,1,1,0,1,1
100,log_one_q,log1p primary-parser transform,1,1,1,1,0,1,1
101,log_ops,log1p primary-parser transform,1,1,1,1,0,1,1
102,log_pair_reuse,log1p primary-parser transform,1,1,1,1,0,1,0
103,log_qasm_bytes,log1p primary-parser transform,1,1,1,1,0,1,1
104,log_random_angle_entropy,log1p primary-parser transform,1,1,1,1,1,1,0
105,log_random_bigram_entropy,log1p primary-parser transform,1,1,0,1,0,0,0
106,log_random_gate_entropy,log1p primary-parser transform,1,1,0,0,1,1,0
107,log_random_pair_entropy,log1p primary-parser transform,1,1,0,1,0,1,0
108,log_randomness_proxy,log1p primary-parser transform,1,1,0,1,0,1,0
109,log_reset_early_frac,log1p primary-parser transform,1,1,1,1,1,0,0
110,log_resets,log1p primary-parser transform,1,1,1,1,1,0,0
111,log_rotation_folds,log1p primary-parser transform,1,1,1,1,0,1,0
112,log_small_angles,log1p primary-parser transform,1,1,0,1,0,1,0
113,log_two_depth,log1p primary-parser transform,1,1,0,1,0,1,0
114,log_two_q,log1p primary-parser transform,1,1,1,1,0,1,1
115,log_twoq_window_3,log1p primary-parser transform,0,1,0,1,1,1,0
116,log_twoq_window_4,log1p primary-parser transform,1,1,0,1,0,1,1
117,log_twoq_window_6,log1p primary-parser transform,1,1,0,1,0,0,0
118,log_unique_pairs,log1p primary-parser transform,1,1,1,1,0,1,0
119,log_zero_angles,log1p primary-parser transform,1,1,1,1,0,1,1
120,chi_walk_cost_overhead,angle-aware chi walk,1,1,1,1,0,1,1
121,chi_walk_entangling_frac,angle-aware chi walk,1,1,0,1,0,1,0
122,chi_walk_max_logchi,angle-aware chi walk,1,0,0,0,0,1,0
123,chi_walk_sat_frac,angle-aware chi walk,1,1,0,1,0,1,0
124,chi_walk_sat_start,angle-aware chi walk,1,1,1,1,1,1,1
125,chi_walk_links_at_cap,angle-aware chi walk,1,1,0,1,0,1,1
126,chi_walk_available,angle-aware chi walk,0,0,1,0,0,0,1
127,chi_walk_rot_near_zero,angle-aware chi walk,1,1,0,1,0,1,0
128,chi_walk_rot_near_frac,angle-aware chi walk,1,0,1,1,0,1,0
129,chi_walk_rot_mixing_mean,angle-aware chi walk,1,1,1,1,0,1,1
130,setting_16,simulator setting,1,0,0,0,0,0,0
131,setting_64,simulator setting,1,0,0,0,0,0,0
132,setting_512,simulator setting,1,0,0,0,0,0,0
133,extended__angle_abs_over_pi_max,secondary QASM scanner,0,1,0,1,1,1,0
134,extended__angle_abs_over_pi_mean,secondary QASM scanner,0,0,0,1,1,1,0
135,extended__angle_abs_over_pi_std,secondary QASM scanner,0,0,1,0,0,1,0
136,extended__angle_clifford_fraction,secondary QASM scanner,0,1,0,1,0,1,0
137,extended__angle_distinct_count,secondary QASM scanner,0,1,0,1,1,1,1
138,extended__angle_distinct_overflow,secondary QASM scanner,0,0,0,0,0,0,1
139,extended__angle_expression_count,secondary QASM scanner,0,1,0,1,1,1,1
140,extended__angle_generic_fraction,secondary QASM scanner,0,1,0,1,1,1,1
141,extended__angle_mod_two_pi_distance_mean,secondary QASM scanner,0,1,0,1,1,1,1
142,extended__angle_negative_fraction,secondary QASM scanner,0,1,0,1,1,1,0
143,extended__angle_numeric_fraction,secondary QASM scanner,0,1,0,1,1,1,0
144,extended__angle_quarter_turn_fraction,secondary QASM scanner,0,1,0,1,0,1,1
145,extended__angle_symbolic_count,secondary QASM scanner,0,0,0,1,0,1,0
146,extended__angle_t_like_fraction,secondary QASM scanner,0,1,0,1,0,1,1
147,extended__angle_value_entropy,secondary QASM scanner,0,1,0,1,1,1,1
148,extended__angle_value_entropy_normalized,secondary QASM scanner,0,1,0,1,1,1,0
149,extended__angle_zero_mod_two_pi_fraction,secondary QASM scanner,0,1,0,1,0,1,1
150,extended__approx_treewidth,secondary QASM scanner,0,1,0,1,0,1,1
151,extended__circuit_depth,secondary QASM scanner,0,1,1,1,0,1,0
152,extended__classical_register_count,secondary QASM scanner,0,1,0,0,1,1,0
153,extended__coarse_unclassified_semicolon_count,secondary QASM scanner,0,1,0,0,0,1,0
154,extended__custom_expanded_gate_count_proxy,secondary QASM scanner,0,1,1,1,0,1,1
155,extended__custom_expanded_parameter_count_proxy,secondary QASM scanner,0,1,0,1,1,1,0
156,extended__custom_expanded_two_qubit_fraction,secondary QASM scanner,0,1,1,1,1,1,0
157,extended__custom_expanded_two_qubit_gate_count_proxy,secondary QASM scanner,0,1,0,1,0,1,1
158,extended__custom_gate_invocation_count,secondary QASM scanner,0,1,0,1,0,1,1
159,extended__cut_crossings_active_fraction,secondary QASM scanner,0,1,0,0,0,1,0
160,extended__cut_crossings_max,secondary QASM scanner,0,1,0,0,0,1,0
161,extended__cut_crossings_max_fraction,secondary QASM scanner,0,1,0,1,1,1,0
162,extended__cut_crossings_mean,secondary QASM scanner,0,1,0,0,0,1,0
163,extended__cut_crossings_std,secondary QASM scanner,0,1,0,0,0,1,0
164,extended__dag_density,secondary QASM scanner,0,1,0,1,0,1,0
165,extended__dag_dependency_edge_count,secondary QASM scanner,0,1,0,1,0,1,1
166,extended__dag_layer_utilization,secondary QASM scanner,0,1,0,1,1,1,1
167,extended__dag_max_layer_width,secondary QASM scanner,0,1,0,1,1,1,0
168,extended__dag_mean_layer_width,secondary QASM scanner,0,1,0,1,1,1,0
169,extended__dag_node_count,secondary QASM scanner,0,1,0,1,0,1,1
170,extended__dag_parallelizable_gate_fraction,secondary QASM scanner,0,1,0,1,0,1,1
171,extended__dag_width_depth_ratio,secondary QASM scanner,0,0,0,0,0,1,0
172,extended__depth_per_gate,secondary QASM scanner,0,1,0,1,0,1,0
173,extended__fast_detailed_work_units,secondary QASM scanner,0,1,0,1,0,1,1
174,extended__fast_sampled_operation_count,secondary QASM scanner,0,1,0,1,0,1,0
175,extended__gate_count__ccx,secondary QASM scanner,0,1,1,1,1,0,0
176,extended__gate_count__cu1,secondary QASM scanner,0,1,0,0,0,0,0
177,extended__gate_count__cx,secondary QASM scanner,0,0,0,0,0,1,0
178,extended__gate_count__h,secondary QASM scanner,0,1,1,1,0,1,0
179,extended__gate_count__rz,secondary QASM scanner,0,0,0,0,1,0,0
180,extended__gate_count__rzz,secondary QASM scanner,0,1,0,1,0,1,0
181,extended__gate_count__s,secondary QASM scanner,0,0,0,1,0,1,0
182,extended__gate_count__sxdg,secondary QASM scanner,0,1,0,1,0,0,0
183,extended__gate_count__t,secondary QASM scanner,0,0,1,0,1,1,0
184,extended__gate_count__tdg,secondary QASM scanner,0,0,1,0,1,0,0
185,extended__gate_count__u2,secondary QASM scanner,0,0,1,0,0,0,0
186,extended__gate_count__x,secondary QASM scanner,0,1,1,1,0,1,0
187,extended__gate_count__z,secondary QASM scanner,0,1,0,1,1,1,0
188,extended__gate_freq__cp,secondary QASM scanner,0,0,0,0,0,1,0
189,extended__gate_freq__cx,secondary QASM scanner,0,1,0,1,1,0,0
190,extended__gate_freq__h,secondary QASM scanner,0,1,0,1,1,1,0
191,extended__gate_freq__rx,secondary QASM scanner,0,0,1,1,0,1,0
192,extended__gate_freq__rz,secondary QASM scanner,0,0,0,1,1,0,0
193,extended__gate_freq__s,secondary QASM scanner,0,0,0,1,1,0,0
194,extended__gate_freq__sdg,secondary QASM scanner,0,0,0,1,1,0,0
195,extended__gate_freq__swap,secondary QASM scanner,0,0,0,0,0,1,0
196,extended__gate_freq__x,secondary QASM scanner,0,1,1,1,1,0,0
197,extended__gate_type_distinct_count,secondary QASM scanner,0,1,0,0,1,1,0
198,extended__gates_per_qubit,secondary QASM scanner,0,1,1,1,1,1,0
199,extended__interaction_assortativity,secondary QASM scanner,0,1,0,1,1,1,0
200,extended__interaction_clustering_coefficient,secondary QASM scanner,0,1,1,1,0,1,0
201,extended__interaction_connected_components,secondary QASM scanner,0,1,1,0,0,1,0
202,extended__interaction_cycle_rank_fraction,secondary QASM scanner,0,1,1,1,0,1,0
203,extended__interaction_diameter,secondary QASM scanner,0,1,0,1,0,1,1
204,extended__interaction_distinct_pair_count,secondary QASM scanner,0,1,0,1,1,1,1
205,extended__interaction_distinct_pair_fraction,secondary QASM scanner,0,1,0,1,0,1,0
206,extended__interaction_edge_weight_max,secondary QASM scanner,0,0,0,1,0,0,1
207,extended__interaction_edge_weight_mean,secondary QASM scanner,0,1,1,1,1,1,0
208,extended__interaction_edge_weight_std,secondary QASM scanner,0,0,0,1,0,1,0
209,extended__interaction_entropy,secondary QASM scanner,0,1,1,1,1,1,1
210,extended__interaction_entropy_normalized,secondary QASM scanner,0,1,0,1,1,1,0
211,extended__interaction_largest_component_fraction,secondary QASM scanner,0,1,1,0,0,0,0
212,extended__interaction_max_edge_weight_fraction,secondary QASM scanner,0,1,0,1,0,1,1
213,extended__interaction_max_weighted_degree,secondary QASM scanner,0,0,0,1,0,1,0
214,extended__interaction_mean_degree,secondary QASM scanner,0,1,1,0,0,1,0
215,extended__interaction_mean_weighted_degree,secondary QASM scanner,0,1,0,1,0,1,1
216,extended__interaction_nontrivial_components,secondary QASM scanner,0,1,0,1,1,0,0
217,extended__interaction_spectral_radius,secondary QASM scanner,0,0,0,1,0,0,0
218,extended__interaction_total_count,secondary QASM scanner,0,1,0,1,0,1,0
219,extended__multi_qubit_gate_count,secondary QASM scanner,0,1,1,1,0,0,0
220,extended__multi_qubit_gate_fraction,secondary QASM scanner,0,1,1,1,0,0,0
221,extended__parameter_count,secondary QASM scanner,0,1,0,1,1,1,0
222,extended__parameterized_gate_count,secondary QASM scanner,0,1,0,1,1,1,0
223,extended__qasm_version_3,secondary QASM scanner,0,1,0,0,0,1,0
224,extended__quantum_register_count,secondary QASM scanner,0,1,1,1,0,1,0
225,extended__single_qubit_gate_count,secondary QASM scanner,0,1,0,1,0,1,1
226,extended__source_chars_per_line,secondary QASM scanner,0,1,0,1,0,1,0
227,extended__source_lines,secondary QASM scanner,0,1,0,1,0,1,1
228,extended__source_pi_token_count,secondary QASM scanner,0,1,0,1,0,1,0
229,extended__structural_gate_entropy_normalized,secondary QASM scanner,0,1,0,1,1,1,0
230,extended__structural_mean_gate_width,secondary QASM scanner,0,1,1,1,0,1,0
231,extended__supermarq_critical_depth,secondary QASM scanner,0,1,0,1,0,1,1
232,extended__supermarq_entanglement_ratio,secondary QASM scanner,0,0,1,1,1,1,0
233,extended__supermarq_liveness,secondary QASM scanner,0,1,0,1,0,1,0
234,extended__supermarq_measurement,secondary QASM scanner,0,1,1,1,1,0,0
235,extended__supermarq_parallelism,secondary QASM scanner,0,1,0,1,0,1,0
236,extended__total_operation_count,secondary QASM scanner,0,1,0,1,0,1,1
237,extended__treewidth_min_fill,secondary QASM scanner,0,1,0,1,1,1,0
238,extended__two_qubit_angle_abs_over_pi_mean,secondary QASM scanner,0,1,0,1,0,1,0
239,extended__two_qubit_angle_clifford_fraction,secondary QASM scanner,0,0,0,0,1,1,1
240,extended__two_qubit_angle_numeric_count,secondary QASM scanner,0,1,0,1,0,1,1
241,extended__two_qubit_gate_count,secondary QASM scanner,0,1,0,1,0,1,1
