filename,threshold,status,actual_s,predicted_s,factor_error,row_score,direction,n_qubits,operations,qasm_characters,near_basis_rotation_fraction,structural_tags,qaoa_motif_score,shor_motif_score,nearest_generated_mqt_family,generated_family_confidence,outside_generated_reference_95pct
917fa943.qasm,512,success,166.3146686,3.759462475264553,44.238948970569645,0.17709759977690653,under,56,896,32895,1.0,QAOA-like ordered motif; random-grid-like fingerprint; variational-like fingerprint,1.0,0.0,qaoa,0.5131944444444445,1
5c176f37.qasm,64,success,0.177055,7.51201240358737,42.42756433643427,0.18617594965532647,over,56,1280,46887,0.0,QAOA-like ordered motif; random-grid-like fingerprint; variational-like fingerprint,1.0,0.0,qaoa,0.4728758169934641,1
ad74d7c1.qasm,512,success,690.9794292999997,17.544124875882385,39.385232047104125,0.20233329572092018,under,32,4356,26410,0.1388888888888889,unclassified by these patterns,0.0176239013671875,0.0,qaoa,0.45,1
72cc2f13.qasm,64,success,25.191536599999996,0.6698633601687771,37.60697792703992,0.2123657824026488,under,36,38069,1590217,0.18287373004354138,variational-like fingerprint,0.36064968623108157,0.0,qaoa,0.5041666666666667,1
8f4e1b64.qasm,64,success,0.5562086,16.72036639605839,30.06132302891108,0.260995954796856,over,36,38069,1589804,0.18751814223512336,variational-like fingerprint,0.36064968623108157,0.0,qaoa,0.5041666666666667,1
bd32080b.qasm,64,success,6223.237383199999,240.1991044723487,25.908661886440996,0.2932775082956176,under,256,278875,1481929,0.20964270340077487,arithmetic-like fingerprint; graph-state-like fingerprint,0.31484512598148223,0.0,qaoa,0.45208333333333334,1
957c248b.qasm,512,success,0.1866839,4.42619564050511,23.709573458156328,0.3125381295152353,over,32,574,18943,0.0,QFT/phase-like fingerprint,0.0,0.002199995799731183,qft,0.5041666666666667,0
957c248b.qasm,16,success,0.1746251,4.139747223548999,23.706484483324555,0.31256642213980845,over,32,574,18943,0.0,QFT/phase-like fingerprint,0.0,0.002199995799731183,qft,0.5041666666666667,0
db12c1f0.qasm,16,success,4.704939,0.20018005839437075,23.503534956168778,0.3144334072364011,under,32,574,18964,0.0,QFT/phase-like fingerprint,0.0,0.002199995799731183,qft,0.5041666666666667,0
db12c1f0.qasm,512,success,4.6964082,0.2338205653684095,20.08552238593856,0.34855843430918954,under,32,574,18964,0.0,QFT/phase-like fingerprint,0.0,0.002199995799731183,qft,0.5041666666666667,0
6533abd6.qasm,16,success,9723.491495600001,580.1952385576151,16.758999125489083,0.3878759608497875,under,256,98944,1816096,0.1923828125,unclassified by these patterns,0.0,0.0,qft,0.6506944444444446,1
d7fe8918.qasm,16,success,178.36455989999996,10.863826754394127,16.41820731611504,0.39233713235439427,under,260,1440,43946,0.0,unclassified by these patterns,0.0,0.0,wstate,0.4,1
20448412.qasm,64,success,184.3939734999999,11.615621077951753,15.87465467946507,0.3996478565592201,under,2,10401,802448,0.0,unclassified by these patterns,0.0,0.0,randomcircuit,0.7729166666666667,1
884b47f6.qasm,64,success,0.160642,2.5035854644465125,15.584874842485231,0.4036483405317577,over,56,2856,101327,1.0,QAOA-like ordered motif; random-grid-like fingerprint; variational-like fingerprint,1.0,0.0,qaoa,0.5125,1
70d5d461.qasm,64,success,0.1600138,2.464000972651452,15.39867794309898,0.4062582820059104,over,56,2576,91383,1.0,QAOA-like ordered motif; random-grid-like fingerprint; variational-like fingerprint,1.0,0.0,qaoa,0.5125,1
834596bc.qasm,64,success,835.9329551000003,55.75954793989636,14.991745557210377,0.4120738986616206,under,128,68904,360679,0.21357615894039736,arithmetic-like fingerprint,0.14830845424107142,0.0,qaoa,0.4479166666666667,1
4846208f.qasm,16,success,4.935263999999999,0.32948325785128135,14.978800538106935,0.41226148118669326,under,15,73,1535,0.0,QFT/phase-like fingerprint,0.0,0.00045432098765432104,graphstate,0.5151371275335976,1
e260fc6a.qasm,512,success,0.1705179,2.434212437525314,14.275407083510375,0.4227057491907441,over,33,3720,156951,0.0,arithmetic-like fingerprint,0.0,0.0,qaoa,0.3625,1
3a8d3e53.qasm,16,success,0.2819158,3.6501472567064974,12.947650527946633,0.4439045156106596,over,64,16054,53742,0.0,arithmetic-like fingerprint,0.0,0.0,randomcircuit,0.69375,1
aac529b2.qasm,16,success,1231.2409277000006,97.18229244601683,12.669395799486153,0.44862204801234196,under,128,24896,440907,0.201171875,unclassified by these patterns,0.0,0.0,qft,0.6548611111111112,1
ab8a1b3c.qasm,64,success,0.17588040000000002,2.145161899280995,12.196708099828035,0.45687868494929107,over,56,2016,71495,1.0,QAOA-like ordered motif; random-grid-like fingerprint; variational-like fingerprint,1.0,0.0,qaoa,0.5125,1
7a1c98cc.qasm,16,success,3.4877635,0.28808105399100387,12.10688260016195,0.45848383444979723,under,17,53,965,0.0,random-grid-like fingerprint,0.0,0.0,graphstate,0.777124183006536,1
f5d72dae.qasm,512,success,34.9589754,3.1155855174377667,11.220675922498828,0.4749904904093719,under,32,64,1901,0.0,graph-state-like fingerprint; random-grid-like fingerprint,0.0,0.0,graphstate,0.9750816993464052,0
bdd2c3ff.qasm,64,success,71.33639449999998,6.583750679501614,10.83522113346493,0.48258111042018603,under,56,3977,153922,0.0,random-grid-like fingerprint,0.0,0.0,qaoa,0.55625,1
ebb0ac17.qasm,512,success,3.070161,0.2851676619069121,10.76616113997596,0.48396956213576225,under,16,1010,9305,0.16666666666666666,arithmetic-like fingerprint,0.0,0.0,qaoa,0.4347222222222223,1
0534bf07.qasm,16,timeout,14399.999999999989,1387.33735640666,10.379595080822593,0.4919097942261721,under,256,2295642,51670933,0.0,large-file fast path,0,0,qnn,0.4618055555555556,1
3a8d3e53.qasm,512,success,0.2745265,2.8317747552238908,10.315123513481907,0.49326278370472254,over,64,16054,53742,0.0,arithmetic-like fingerprint,0.0,0.0,randomcircuit,0.69375,1
320de9fb.qasm,512,timeout,14399.999999999989,1428.2600106298107,10.082197844109709,0.49822239230223286,under,100,55000,2688782,0.10915,variational-like fingerprint,0.0,0.0,qaoa,0.7027777777777777,1
