team,filename,threshold,pred_duration_s,parse_s,predict_s
Codex,0071a13b.qasm,16,1.866683,0.0613,0.0681
Codex,0071a13b.qasm,64,11.313174,0.0613,0.0396
Codex,0071a13b.qasm,512,464.390948,0.0613,0.0564
Codex,00c20ece.qasm,16,158.243369,0.0703,0.0405
Codex,00c20ece.qasm,64,162.712652,0.0703,0.0294
Codex,00c20ece.qasm,512,139.535017,0.0703,0.0435
Codex,03042ac9.qasm,16,1.863748,0.0548,0.0555
Codex,03042ac9.qasm,64,11.271705,0.0548,0.0519
Codex,03042ac9.qasm,512,463.669791,0.0548,0.0574
Codex,03934028.qasm,16,1732.595202,3.1872,0.0322
Codex,03934028.qasm,64,1331.562257,3.1872,0.0337
Codex,03934028.qasm,512,8022.873126,3.1872,0.0330
Codex,03ee478e.qasm,16,0.183781,0.0006,0.0302
Codex,03ee478e.qasm,64,1.106509,0.0006,0.0289
Codex,03ee478e.qasm,512,0.199847,0.0006,0.0428
Codex,04276362.qasm,16,0.195191,0.0003,0.0301
Codex,04276362.qasm,64,0.204409,0.0003,0.0416
Codex,04276362.qasm,512,0.198285,0.0003,0.0301
Codex,0491d461.qasm,16,0.533709,0.0161,0.0435
Codex,0491d461.qasm,64,1.378245,0.0161,0.0299
Codex,0491d461.qasm,512,3.623479,0.0161,0.0392
Codex,0525d9ee.qasm,16,0.527303,0.0162,0.0301
Codex,0525d9ee.qasm,64,1.401393,0.0162,0.0412
Codex,0525d9ee.qasm,512,3.614204,0.0162,0.0418
Codex,0534bf07.qasm,16,6656.355979,0.6863,0.0294
Codex,0534bf07.qasm,64,2639.367493,0.6863,0.0314
Codex,0534bf07.qasm,512,10269.585708,0.6863,0.0313
Codex,055dc894.qasm,16,4.660867,0.0170,0.0435
Codex,055dc894.qasm,64,8.977716,0.0170,0.0543
Codex,055dc894.qasm,512,1369.839418,0.0170,0.0292
Codex,056c2b99.qasm,16,0.582654,0.0123,0.0403
Codex,056c2b99.qasm,64,0.453983,0.0123,0.0338
Codex,056c2b99.qasm,512,0.459076,0.0123,0.0315
Codex,058c7d32.qasm,16,0.266692,0.0081,0.0313
Codex,058c7d32.qasm,64,0.552088,0.0081,0.0433
Codex,058c7d32.qasm,512,0.628024,0.0081,0.0331
Codex,067475b0.qasm,16,1.430078,0.0345,0.0424
Codex,067475b0.qasm,64,5.720350,0.0345,0.0297
Codex,067475b0.qasm,512,134.315368,0.0345,0.0589
Codex,06857ab2.qasm,16,90.685944,0.2664,0.0301
Codex,06857ab2.qasm,64,147.255709,0.2664,0.0450
Codex,06857ab2.qasm,512,5795.821055,0.2664,0.0322
Codex,06a7dabf.qasm,16,1.447669,0.0454,0.0582
Codex,06a7dabf.qasm,64,8.494778,0.0454,0.0448
Codex,06a7dabf.qasm,512,306.856714,0.0454,0.0334
Codex,06e45cf2.qasm,16,0.567884,0.0151,0.0335
Codex,06e45cf2.qasm,64,1.107983,0.0151,0.0279
Codex,06e45cf2.qasm,512,2.696343,0.0151,0.0326
Codex,0732491c.qasm,16,5.692848,0.5171,0.0466
Codex,0732491c.qasm,64,2.294327,0.5171,0.0337
Codex,0732491c.qasm,512,6.777089,0.5171,0.0323
Codex,07fc5b22.qasm,16,0.535696,0.0167,0.0411
Codex,07fc5b22.qasm,64,1.355114,0.0167,0.0324
Codex,07fc5b22.qasm,512,3.550669,0.0167,0.0434
Codex,08239e90.qasm,16,54.393019,0.7245,0.0313
Codex,08239e90.qasm,64,3.285966,0.7245,0.0335
Codex,08239e90.qasm,512,2349.367799,0.7245,0.0293
Codex,0885b672.qasm,16,1.660991,0.0441,0.0311
Codex,0885b672.qasm,64,9.025530,0.0441,0.0336
Codex,0885b672.qasm,512,335.169069,0.0441,0.0335
Codex,0a0f4c36.qasm,16,0.196351,0.0029,0.0589
Codex,0a0f4c36.qasm,64,0.257494,0.0029,0.0318
Codex,0a0f4c36.qasm,512,0.181580,0.0029,0.0556
Codex,0b0e43d6.qasm,16,1.790006,0.0502,0.0322
Codex,0b0e43d6.qasm,64,9.952229,0.0502,0.0331
Codex,0b0e43d6.qasm,512,373.495175,0.0502,0.0442
Codex,0b325fdd.qasm,16,171.986395,2.1554,0.0442
Codex,0b325fdd.qasm,64,7.238022,2.1554,0.0520
Codex,0b325fdd.qasm,512,2897.887652,2.1554,0.0429
Codex,0bde3200.qasm,16,0.228105,0.0003,0.0438
Codex,0bde3200.qasm,64,0.236522,0.0003,0.0312
Codex,0bde3200.qasm,512,0.219560,0.0003,0.0437
Codex,0c0ce4a1.qasm,16,0.589044,0.0123,0.0448
Codex,0c0ce4a1.qasm,64,0.460637,0.0123,0.0430
Codex,0c0ce4a1.qasm,512,0.463245,0.0123,0.0438
Codex,0c676248.qasm,16,0.173189,0.0022,0.0404
Codex,0c676248.qasm,64,9.519257,0.0022,0.0443
Codex,0c676248.qasm,512,0.203495,0.0022,0.0458
Codex,0cc92082.qasm,16,0.264996,0.0120,0.0427
Codex,0cc92082.qasm,64,0.456213,0.0120,0.0333
Codex,0cc92082.qasm,512,0.242532,0.0120,0.0336
Codex,0cd81bd7.qasm,16,1.381499,0.0405,0.0326
Codex,0cd81bd7.qasm,64,7.987085,0.0405,0.0432
Codex,0cd81bd7.qasm,512,289.897615,0.0405,0.0437
Codex,0d08bd43.qasm,16,2205.072229,0.6841,0.0573
Codex,0d08bd43.qasm,64,389.891817,0.6841,0.0590
Codex,0d08bd43.qasm,512,13119.885524,0.6841,0.0328
Codex,0d094263.qasm,16,0.198884,0.0002,0.0321
Codex,0d094263.qasm,64,0.303148,0.0002,0.0419
Codex,0d094263.qasm,512,0.188793,0.0002,0.0573
Codex,0d6f51b4.qasm,16,0.189596,0.0002,0.0293
Codex,0d6f51b4.qasm,64,0.215909,0.0002,0.0514
Codex,0d6f51b4.qasm,512,0.183559,0.0002,0.0311
Codex,0e8ddfa3.qasm,16,1.155958,0.0256,0.0333
Codex,0e8ddfa3.qasm,64,3.403871,0.0256,0.0440
Codex,0e8ddfa3.qasm,512,72.039344,0.0256,0.0426
Codex,0ee54ab9.qasm,16,0.186272,0.0034,0.0329
Codex,0ee54ab9.qasm,64,0.220957,0.0034,0.0594
Codex,0ee54ab9.qasm,512,0.190198,0.0034,0.0459
Codex,0f6ae53c.qasm,16,0.182380,0.0022,0.0580
Codex,0f6ae53c.qasm,64,0.652626,0.0022,0.0298
Codex,0f6ae53c.qasm,512,0.189544,0.0022,0.0332
Codex,10761caa.qasm,16,1.209995,0.0273,0.0303
Codex,10761caa.qasm,64,4.163313,0.0273,0.0329
Codex,10761caa.qasm,512,91.824954,0.0273,0.0396
Codex,10ea3498.qasm,16,0.175108,0.0018,0.0327
Codex,10ea3498.qasm,64,1.195168,0.0018,0.0557
Codex,10ea3498.qasm,512,0.181871,0.0018,0.0417
Codex,1154e9d9.qasm,16,14252.011209,0.1906,0.0574
Codex,1154e9d9.qasm,64,10703.091673,0.1906,0.0457
Codex,1154e9d9.qasm,512,13767.876385,0.1906,0.0433
Codex,12157215.qasm,16,1910.076451,4.4375,0.0321
Codex,12157215.qasm,64,975.639228,4.4375,0.0324
Codex,12157215.qasm,512,14303.381334,4.4375,0.0326
Codex,125f60d7.qasm,16,1473.988129,9.2343,0.0584
Codex,125f60d7.qasm,64,738.520948,9.2343,0.0460
Codex,125f60d7.qasm,512,2961.059952,9.2343,0.0422
Codex,138d2c7b.qasm,16,1.559533,0.0436,0.0285
Codex,138d2c7b.qasm,64,7.713584,0.0436,0.0304
Codex,138d2c7b.qasm,512,266.430508,0.0436,0.0452
Codex,13b8e3f8.qasm,16,1.133165,0.0304,0.0312
Codex,13b8e3f8.qasm,64,5.103331,0.0304,0.0449
Codex,13b8e3f8.qasm,512,145.458915,0.0304,0.0332
Codex,13eb49aa.qasm,16,0.183239,0.0003,0.0334
Codex,13eb49aa.qasm,64,1.048823,0.0003,0.0308
Codex,13eb49aa.qasm,512,1.319745,0.0003,0.0418
Codex,14019fed.qasm,16,69.672415,0.0994,0.0288
Codex,14019fed.qasm,64,8.794104,0.0994,0.0321
Codex,14019fed.qasm,512,125.674715,0.0994,0.0411
Codex,149b1e7c.qasm,16,4.692624,0.0196,0.0397
Codex,149b1e7c.qasm,64,0.213863,0.0196,0.0294
Codex,149b1e7c.qasm,512,20.748196,0.0196,0.0332
Codex,15434610.qasm,16,1.544299,0.0428,0.0319
Codex,15434610.qasm,64,7.710893,0.0428,0.0282
Codex,15434610.qasm,512,258.542659,0.0428,0.0302
Codex,159b3481.qasm,16,0.573656,0.0149,0.0335
Codex,159b3481.qasm,64,1.107969,0.0149,0.0309
Codex,159b3481.qasm,512,2.641246,0.0149,0.0300
Codex,15c28669.qasm,16,0.323177,0.0614,0.0307
Codex,15c28669.qasm,64,0.459370,0.0614,0.0291
Codex,15c28669.qasm,512,0.391645,0.0614,0.0423
Codex,1619b169.qasm,16,0.180694,0.0080,0.0335
Codex,1619b169.qasm,64,0.181990,0.0080,0.0303
Codex,1619b169.qasm,512,0.198182,0.0080,0.0301
Codex,166e9d3a.qasm,16,0.183367,0.0020,0.0438
Codex,166e9d3a.qasm,64,0.173324,0.0020,0.0332
Codex,166e9d3a.qasm,512,0.176623,0.0020,0.0430
Codex,1688d759.qasm,16,1.962497,0.0580,0.0301
Codex,1688d759.qasm,64,14.207663,0.0580,0.0440
Codex,1688d759.qasm,512,557.396658,0.0580,0.0329
Codex,16ff70bb.qasm,16,2.122056,0.0563,0.0338
Codex,16ff70bb.qasm,64,12.107844,0.0563,0.0429
Codex,16ff70bb.qasm,512,483.191398,0.0563,0.0322
Codex,17253376.qasm,16,1.780367,0.0505,0.0319
Codex,17253376.qasm,64,11.871750,0.0505,0.0334
Codex,17253376.qasm,512,463.316282,0.0505,0.0308
Codex,173d4b8b.qasm,16,0.458839,0.0003,0.0334
Codex,173d4b8b.qasm,64,0.455370,0.0003,0.0312
Codex,173d4b8b.qasm,512,0.458842,0.0003,0.0453
Codex,175f2997.qasm,16,1.532311,0.0400,0.0336
Codex,175f2997.qasm,64,6.921049,0.0400,0.0305
Codex,175f2997.qasm,512,199.289064,0.0400,0.0460
Codex,17e5a14b.qasm,16,75.579261,1.0541,0.0457
Codex,17e5a14b.qasm,64,4.172506,1.0541,0.0312
Codex,17e5a14b.qasm,512,2204.169695,1.0541,0.0305
Codex,195099c8.qasm,16,0.441086,0.0097,0.0329
Codex,195099c8.qasm,64,6.686761,0.0097,0.0314
Codex,195099c8.qasm,512,0.561651,0.0097,0.0395
Codex,19550378.qasm,16,0.640049,0.0038,0.0307
Codex,19550378.qasm,64,0.779755,0.0038,0.0322
Codex,19550378.qasm,512,0.734075,0.0038,0.0288
Codex,1959a985.qasm,16,5.561072,0.0167,0.0445
Codex,1959a985.qasm,64,12.410812,0.0167,0.0287
Codex,1959a985.qasm,512,1373.798767,0.0167,0.0307
Codex,19d587f3.qasm,16,0.177755,0.0012,0.0397
Codex,19d587f3.qasm,64,1.189940,0.0012,0.0309
Codex,19d587f3.qasm,512,0.172533,0.0012,0.0329
Codex,1a554de5.qasm,16,0.179893,0.0031,0.0416
Codex,1a554de5.qasm,64,0.210277,0.0031,0.0301
Codex,1a554de5.qasm,512,0.230309,0.0031,0.0454
Codex,1aa22822.qasm,16,22.490992,0.3395,0.0334
Codex,1aa22822.qasm,64,1.738801,0.3395,0.0313
Codex,1aa22822.qasm,512,1507.973739,0.3395,0.0310
Codex,1af5b336.qasm,16,1.082629,0.0201,0.0446
Codex,1af5b336.qasm,64,2.274437,0.0201,0.0281
Codex,1af5b336.qasm,512,23.288272,0.0201,0.0441
Codex,1b91945f.qasm,16,0.584213,0.0157,0.0331
Codex,1b91945f.qasm,64,1.107664,0.0157,0.0297
Codex,1b91945f.qasm,512,2.546605,0.0157,0.0453
Codex,1cb3c32c.qasm,16,7.923560,0.0534,0.0294
Codex,1cb3c32c.qasm,64,0.336370,0.0534,0.0428
Codex,1cb3c32c.qasm,512,67.377105,0.0534,0.0444
Codex,1d1dc1d8.qasm,16,2.077777,0.0650,0.0727
Codex,1d1dc1d8.qasm,64,11.996290,0.0650,0.0561
Codex,1d1dc1d8.qasm,512,479.046598,0.0650,0.0619
Codex,1d4b1889.qasm,16,0.499360,0.0118,0.0453
Codex,1d4b1889.qasm,64,0.342858,0.0118,0.0492
Codex,1d4b1889.qasm,512,0.345141,0.0118,0.0328
Codex,1db5f683.qasm,16,2.007728,0.0590,0.0485
Codex,1db5f683.qasm,64,11.395874,0.0590,0.0587
Codex,1db5f683.qasm,512,436.702850,0.0590,0.0316
Codex,1f1383d7.qasm,16,0.198604,0.0029,0.0612
Codex,1f1383d7.qasm,64,2.425115,0.0029,0.0452
Codex,1f1383d7.qasm,512,0.200770,0.0029,0.0385
Codex,1fd34b96.qasm,16,2.684380,0.0796,0.0454
Codex,1fd34b96.qasm,64,21.166125,0.0796,0.0446
Codex,1fd34b96.qasm,512,974.620623,0.0796,0.0334
Codex,20448412.qasm,16,151.314865,0.0686,0.0302
Codex,20448412.qasm,64,154.670343,0.0686,0.0320
Codex,20448412.qasm,512,130.741605,0.0686,0.0336
Codex,2059c310.qasm,16,0.551982,0.0006,0.0420
Codex,2059c310.qasm,64,3.107977,0.0006,0.0314
Codex,2059c310.qasm,512,2.311172,0.0006,0.0334
Codex,2078a631.qasm,16,2.385520,0.0676,0.0326
Codex,2078a631.qasm,64,16.136324,0.0676,0.0332
Codex,2078a631.qasm,512,545.507556,0.0676,0.0413
Codex,208334f1.qasm,16,0.180237,0.0046,0.0450
Codex,208334f1.qasm,64,1.120448,0.0046,0.0336
Codex,208334f1.qasm,512,0.197467,0.0046,0.0418
Codex,2190b5a7.qasm,16,0.199585,0.0004,0.0304
Codex,2190b5a7.qasm,64,0.179074,0.0004,0.0335
Codex,2190b5a7.qasm,512,0.198150,0.0004,0.0328
Codex,231bbda3.qasm,16,2.629987,0.0133,0.0436
Codex,231bbda3.qasm,64,1.231063,0.0133,0.0289
Codex,231bbda3.qasm,512,2.727555,0.0133,0.0305
Codex,235dda60.qasm,16,2.361334,0.0670,0.0331
Codex,235dda60.qasm,64,16.290924,0.0670,0.0313
Codex,235dda60.qasm,512,431.034060,0.0670,0.0421
Codex,24ca3082.qasm,16,3238.099697,3.3099,0.0614
Codex,24ca3082.qasm,64,1488.251993,3.3099,0.0574
Codex,24ca3082.qasm,512,3746.844557,3.3099,0.0320
Codex,25e26219.qasm,16,2.240602,0.0042,0.0559
Codex,25e26219.qasm,64,12.846350,0.0042,0.0300
Codex,25e26219.qasm,512,554.882542,0.0042,0.0315
Codex,25e5b703.qasm,16,0.185195,0.0012,0.0441
Codex,25e5b703.qasm,64,0.206368,0.0012,0.0310
Codex,25e5b703.qasm,512,0.182040,0.0012,0.0325
Codex,264ca70e.qasm,16,1.653197,0.0502,0.0400
Codex,264ca70e.qasm,64,9.360096,0.0502,0.0408
Codex,264ca70e.qasm,512,348.368869,0.0502,0.0453
Codex,27a012bc.qasm,16,0.576283,0.0123,0.0320
Codex,27a012bc.qasm,64,0.455929,0.0123,0.0314
Codex,27a012bc.qasm,512,0.461668,0.0123,0.0316
Codex,27dbf314.qasm,16,2802.881487,7.4950,0.0456
Codex,27dbf314.qasm,64,1040.957505,7.4950,0.0331
Codex,27dbf314.qasm,512,14400.000000,7.4950,0.0333
Codex,27e0ec8e.qasm,16,0.196787,0.0009,0.0329
Codex,27e0ec8e.qasm,64,0.514792,0.0009,0.0414
Codex,27e0ec8e.qasm,512,0.203124,0.0009,0.0595
Codex,2818a462.qasm,16,0.181414,0.0007,0.0752
Codex,2818a462.qasm,64,0.590762,0.0007,0.0326
Codex,2818a462.qasm,512,0.211370,0.0007,0.0426
Codex,28f914b0.qasm,16,0.199288,0.0012,0.0468
Codex,28f914b0.qasm,64,0.252370,0.0012,0.0313
Codex,28f914b0.qasm,512,0.206882,0.0012,0.0325
Codex,29886bb3.qasm,16,1.113437,0.0210,0.0443
Codex,29886bb3.qasm,64,2.301458,0.0210,0.0583
Codex,29886bb3.qasm,512,23.176582,0.0210,0.0471
Codex,29a887f9.qasm,16,1.245786,0.0061,0.0468
Codex,29a887f9.qasm,64,0.277189,0.0061,0.0321
Codex,29a887f9.qasm,512,124.113898,0.0061,0.0447
Codex,2a04dd73.qasm,16,3028.218241,6.8083,0.0329
Codex,2a04dd73.qasm,64,2998.810072,6.8083,0.0437
Codex,2a04dd73.qasm,512,14400.000000,6.8083,0.0454
Codex,2a0e53ef.qasm,16,2.348477,0.0032,0.0588
Codex,2a0e53ef.qasm,64,7.456992,0.0032,0.0463
Codex,2a0e53ef.qasm,512,306.052690,0.0032,0.0331
Codex,2a48defb.qasm,16,1.129724,0.0009,0.0448
Codex,2a48defb.qasm,64,1.137720,0.0009,0.0320
Codex,2a48defb.qasm,512,1.140304,0.0009,0.0310
Codex,2af6859b.qasm,16,1.690301,0.0522,0.0467
Codex,2af6859b.qasm,64,10.504372,0.0522,0.0438
Codex,2af6859b.qasm,512,407.288730,0.0522,0.0402
Codex,2afe3d2e.qasm,16,24881.989065,0.7868,0.0333
Codex,2afe3d2e.qasm,64,24881.989065,0.7868,0.0455
Codex,2afe3d2e.qasm,512,1682.503760,0.7868,0.0543
Codex,2b148d98.qasm,16,1.728223,0.0525,0.0313
Codex,2b148d98.qasm,64,12.131898,0.0525,0.0321
Codex,2b148d98.qasm,512,464.013077,0.0525,0.0430
Codex,2b2951ed.qasm,16,2.012479,0.0556,0.0334
Codex,2b2951ed.qasm,64,11.375312,0.0556,0.0592
Codex,2b2951ed.qasm,512,448.132424,0.0556,0.0329
Codex,2bc3295c.qasm,16,1.273658,0.0036,0.0443
Codex,2bc3295c.qasm,64,2.271067,0.0036,0.0432
Codex,2bc3295c.qasm,512,216.284943,0.0036,0.0464
Codex,2cbfff1b.qasm,16,1.633322,0.0439,0.0409
Codex,2cbfff1b.qasm,64,7.724502,0.0439,0.0423
Codex,2cbfff1b.qasm,512,258.614254,0.0439,0.0303
Codex,2cedce95.qasm,16,2.060429,0.0578,0.0442
Codex,2cedce95.qasm,64,12.107578,0.0578,0.0449
Codex,2cedce95.qasm,512,488.225186,0.0578,0.0427
Codex,2d399444.qasm,16,0.221680,0.0002,0.0526
Codex,2d399444.qasm,64,0.185098,0.0002,0.0416
Codex,2d399444.qasm,512,0.187735,0.0002,0.0300
Codex,2ea1bf91.qasm,16,4.563322,0.0196,0.0329
Codex,2ea1bf91.qasm,64,0.199822,0.0196,0.0416
Codex,2ea1bf91.qasm,512,20.683794,0.0196,0.0318
Codex,3026aed7.qasm,16,2.668917,0.0815,0.0326
Codex,3026aed7.qasm,64,21.116034,0.0815,0.0322
Codex,3026aed7.qasm,512,1033.060150,0.0815,0.0318
Codex,306ac152.qasm,16,0.177927,0.0046,0.0313
Codex,306ac152.qasm,64,4.836317,0.0046,0.0333
Codex,306ac152.qasm,512,0.200540,0.0046,0.0314
Codex,3099a023.qasm,16,0.188633,0.0011,0.0407
Codex,3099a023.qasm,64,0.171616,0.0011,0.0316
Codex,3099a023.qasm,512,0.184926,0.0011,0.0439
Codex,31b8fb3c.qasm,16,0.851677,0.0132,0.0442
Codex,31b8fb3c.qasm,64,0.775028,0.0132,0.0325
Codex,31b8fb3c.qasm,512,1.075933,0.0132,0.0537
Codex,31fd025e.qasm,16,1.630635,0.0439,0.0464
Codex,31fd025e.qasm,64,7.742529,0.0439,0.0409
Codex,31fd025e.qasm,512,263.770887,0.0439,0.0304
Codex,320de9fb.qasm,16,44.688077,0.2394,0.0298
Codex,320de9fb.qasm,64,158.116792,0.2394,0.0433
Codex,320de9fb.qasm,512,7145.795387,0.2394,0.0515
Codex,32de9cc1.qasm,16,1.097298,0.0206,0.0303
Codex,32de9cc1.qasm,64,2.280430,0.0206,0.0327
Codex,32de9cc1.qasm,512,22.566828,0.0206,0.0326
Codex,32f44532.qasm,16,9.852899,0.0568,0.0417
Codex,32f44532.qasm,64,0.329617,0.0568,0.0584
Codex,32f44532.qasm,512,59.535469,0.0568,0.0325
Codex,336f664c.qasm,16,0.192314,0.0023,0.0334
Codex,336f664c.qasm,64,0.908641,0.0023,0.0306
Codex,336f664c.qasm,512,0.835070,0.0023,0.0330
Codex,33a2f9be.qasm,16,1.028575,0.0298,0.0436
Codex,33a2f9be.qasm,64,4.326119,0.0298,0.0336
Codex,33a2f9be.qasm,512,94.019087,0.0298,0.0452
Codex,33c62fb8.qasm,16,55.439618,0.2014,0.0316
Codex,33c62fb8.qasm,64,15.583233,0.2014,0.0314
Codex,33c62fb8.qasm,512,51.717869,0.2014,0.0315
Codex,3436484d.qasm,16,1.392914,0.0343,0.0330
Codex,3436484d.qasm,64,5.711029,0.0343,0.0428
Codex,3436484d.qasm,512,134.244556,0.0343,0.0481
Codex,36d0ea8f.qasm,16,0.196787,0.0008,0.0334
Codex,36d0ea8f.qasm,64,0.514792,0.0008,0.0336
Codex,36d0ea8f.qasm,512,0.203278,0.0008,0.0661
Codex,36e23777.qasm,16,1.393008,0.0492,0.0493
Codex,36e23777.qasm,64,7.991027,0.0492,0.0327
Codex,36e23777.qasm,512,290.326263,0.0492,0.0394
Codex,371eea68.qasm,16,0.183384,0.0006,0.0435
Codex,371eea68.qasm,64,0.288054,0.0006,0.0452
Codex,371eea68.qasm,512,0.279877,0.0006,0.0465
Codex,376d7d92.qasm,16,0.193404,0.0015,0.0461
Codex,376d7d92.qasm,64,2.535689,0.0015,0.0442
Codex,376d7d92.qasm,512,0.179745,0.0015,0.0308
Codex,37bd268c.qasm,16,0.227979,0.0024,0.0321
Codex,37bd268c.qasm,64,1.149061,0.0024,0.0336
Codex,37bd268c.qasm,512,0.226625,0.0024,0.0306
Codex,3814b0b9.qasm,16,145.338837,0.3202,0.0306
Codex,3814b0b9.qasm,64,228.360240,0.3202,0.0462
Codex,3814b0b9.qasm,512,9049.712960,0.3202,0.0317
Codex,383bbcad.qasm,16,0.184469,0.0005,0.0326
Codex,383bbcad.qasm,64,0.608570,0.0005,0.0445
Codex,383bbcad.qasm,512,0.197012,0.0005,0.0449
Codex,3841ff5b.qasm,16,2.001295,0.0614,0.0434
Codex,3841ff5b.qasm,64,15.277007,0.0614,0.0332
Codex,3841ff5b.qasm,512,699.140916,0.0614,0.0312
Codex,385fa1b6.qasm,16,3.682721,0.0029,0.0318
Codex,385fa1b6.qasm,64,3.731283,0.0029,0.0498
Codex,385fa1b6.qasm,512,3.796453,0.0029,0.0456
Codex,386534f5.qasm,16,1.790004,0.0501,0.0326
Codex,386534f5.qasm,64,10.003465,0.0501,0.0335
Codex,386534f5.qasm,512,378.762596,0.0501,0.0429
Codex,3a8d3e53.qasm,16,0.405363,0.0138,0.0438
Codex,3a8d3e53.qasm,64,1.336483,0.0138,0.0436
Codex,3a8d3e53.qasm,512,0.419762,0.0138,0.0317
Codex,3be98d6c.qasm,16,3.250082,0.0017,0.0334
Codex,3be98d6c.qasm,64,18.432396,0.0017,0.0315
Codex,3be98d6c.qasm,512,456.564681,0.0017,0.0441
Codex,3c1f4948.qasm,16,0.185839,0.0015,0.0293
Codex,3c1f4948.qasm,64,0.193899,0.0015,0.0317
Codex,3c1f4948.qasm,512,0.184439,0.0015,0.0338
Codex,3c2f55c1.qasm,16,8646.284350,0.1301,0.0543
Codex,3c2f55c1.qasm,64,8540.688958,0.1301,0.0467
Codex,3c2f55c1.qasm,512,182.988087,0.1301,0.0610
Codex,3c890561.qasm,16,9.583970,0.0142,0.0453
Codex,3c890561.qasm,64,1.710279,0.0142,0.0329
Codex,3c890561.qasm,512,10.585677,0.0142,0.0439
Codex,3ccd19ee.qasm,16,2.046453,0.0569,0.0321
Codex,3ccd19ee.qasm,64,12.106818,0.0569,0.0418
Codex,3ccd19ee.qasm,512,480.710410,0.0569,0.0436
Codex,3db115f1.qasm,16,0.210003,0.0004,0.0617
Codex,3db115f1.qasm,64,0.270979,0.0004,0.0583
Codex,3db115f1.qasm,512,0.180951,0.0004,0.0441
Codex,3e2fde05.qasm,16,1.460840,0.0455,0.0454
Codex,3e2fde05.qasm,64,8.428868,0.0455,0.0329
Codex,3e2fde05.qasm,512,309.803446,0.0455,0.0393
Codex,3e730381.qasm,16,0.176935,0.0004,0.0308
Codex,3e730381.qasm,64,1.293450,0.0004,0.0459
Codex,3e730381.qasm,512,0.225437,0.0004,0.0452
Codex,3eb6cff0.qasm,16,13.149006,1.4338,0.0305
Codex,3eb6cff0.qasm,64,12.512550,1.4338,0.0541
Codex,3eb6cff0.qasm,512,14.612788,1.4338,0.0312
Codex,3eca4614.qasm,16,1.797577,0.0512,0.0314
Codex,3eca4614.qasm,64,9.974132,0.0512,0.0458
Codex,3eca4614.qasm,512,375.549390,0.0512,0.0527
Codex,3ee85ccf.qasm,16,1.071198,0.0223,0.0321
Codex,3ee85ccf.qasm,64,2.587259,0.0223,0.0396
Codex,3ee85ccf.qasm,512,34.405138,0.0223,0.0566
Codex,3f072f57.qasm,16,1.176105,0.0298,0.0450
Codex,3f072f57.qasm,64,4.291357,0.0298,0.0546
Codex,3f072f57.qasm,512,94.103224,0.0298,0.0447
Codex,3f858470.qasm,16,0.514268,0.0429,0.0445
Codex,3f858470.qasm,64,0.808803,0.0429,0.0452
Codex,3f858470.qasm,512,0.537771,0.0429,0.0575
Codex,40b719e2.qasm,16,286.311242,0.7027,0.0423
Codex,40b719e2.qasm,64,352.052126,0.7027,0.0580
Codex,40b719e2.qasm,512,14114.085814,0.7027,0.0425
Codex,40e78b26.qasm,16,0.188688,0.0004,0.0306
Codex,40e78b26.qasm,64,0.181172,0.0004,0.0454
Codex,40e78b26.qasm,512,0.247820,0.0004,0.0410
Codex,41bd27aa.qasm,16,1.278659,0.0016,0.0400
Codex,41bd27aa.qasm,64,4.725901,0.0016,0.0456
Codex,41bd27aa.qasm,512,152.784069,0.0016,0.0519
Codex,42a256ea.qasm,16,1.725752,0.0501,0.0451
Codex,42a256ea.qasm,64,10.112539,0.0501,0.0313
Codex,42a256ea.qasm,512,404.645623,0.0501,0.0318
Codex,42a71e24.qasm,16,15.539719,0.0160,0.0406
Codex,42a71e24.qasm,64,27.631230,0.0160,0.0335
Codex,42a71e24.qasm,512,1072.954642,0.0160,0.0423
Codex,42fa6cae.qasm,16,1.904465,0.0601,0.0453
Codex,42fa6cae.qasm,64,14.029353,0.0601,0.0450
Codex,42fa6cae.qasm,512,546.269225,0.0601,0.0587
Codex,43168c33.qasm,16,0.181549,0.0002,0.0302
Codex,43168c33.qasm,64,0.177952,0.0002,0.0406
Codex,43168c33.qasm,512,0.178416,0.0002,0.0331
Codex,4318a3ef.qasm,16,1.560986,0.0475,0.0456
Codex,4318a3ef.qasm,64,7.720131,0.0475,0.0450
Codex,4318a3ef.qasm,512,261.335608,0.0475,0.0533
Codex,4327c91d.qasm,16,1.778429,0.0552,0.0464
Codex,4327c91d.qasm,64,12.336263,0.0552,0.0540
Codex,4327c91d.qasm,512,467.752606,0.0552,0.0453
Codex,432efc30.qasm,16,0.185507,0.0004,0.0453
Codex,432efc30.qasm,64,0.177071,0.0004,0.0314
Codex,432efc30.qasm,512,0.182148,0.0004,0.0567
Codex,445caba2.qasm,16,0.183378,0.0004,0.0451
Codex,445caba2.qasm,64,0.172609,0.0004,0.0609
Codex,445caba2.qasm,512,0.177361,0.0004,0.0465
Codex,448ebca1.qasm,16,0.188396,0.0008,0.0433
Codex,448ebca1.qasm,64,0.271434,0.0008,0.0290
Codex,448ebca1.qasm,512,0.196494,0.0008,0.0310
Codex,46073cb3.qasm,16,84.859297,4.3545,0.0624
Codex,46073cb3.qasm,64,32.392005,4.3545,0.0452
Codex,46073cb3.qasm,512,71.247892,4.3545,0.0300
Codex,46188cf9.qasm,16,2.041432,0.0563,0.0460
Codex,46188cf9.qasm,64,12.134139,0.0563,0.0329
Codex,46188cf9.qasm,512,494.526816,0.0563,0.0459
Codex,46de7f9b.qasm,16,6.359208,0.0491,0.0309
Codex,46de7f9b.qasm,64,0.179488,0.0491,0.0304
Codex,46de7f9b.qasm,512,37.970691,0.0491,0.0334
Codex,4737100f.qasm,16,115.296568,0.0634,0.0545
Codex,4737100f.qasm,64,194.252344,0.0634,0.0323
Codex,4737100f.qasm,512,12208.843634,0.0634,0.0300
Codex,474aa01a.qasm,16,1.735775,0.0525,0.0438
Codex,474aa01a.qasm,64,12.678178,0.0525,0.0304
Codex,474aa01a.qasm,512,584.527919,0.0525,0.0438
Codex,4846208f.qasm,16,1.924111,0.0005,0.0556
Codex,4846208f.qasm,64,0.532475,0.0005,0.0493
Codex,4846208f.qasm,512,0.701016,0.0005,0.0489
Codex,4a262567.qasm,16,1.800219,0.0864,0.0636
Codex,4a262567.qasm,64,9.993486,0.0864,0.0627
Codex,4a262567.qasm,512,377.697401,0.0864,0.0451
Codex,4a5eba47.qasm,16,0.183690,0.0031,0.0441
Codex,4a5eba47.qasm,64,5.108233,0.0031,0.0467
Codex,4a5eba47.qasm,512,0.184103,0.0031,0.0465
Codex,4ae57e38.qasm,16,8.634799,0.0074,0.0589
Codex,4ae57e38.qasm,64,4.565711,0.0074,0.0465
Codex,4ae57e38.qasm,512,27.095824,0.0074,0.0312
Codex,4cbdcf4f.qasm,16,1.207446,0.0268,0.0459
Codex,4cbdcf4f.qasm,64,4.176714,0.0268,0.0302
Codex,4cbdcf4f.qasm,512,93.586183,0.0268,0.0330
Codex,4d59437e.qasm,16,14400.000000,2.0799,0.0450
Codex,4d59437e.qasm,64,14400.000000,2.0799,0.0423
Codex,4d59437e.qasm,512,2956.689247,2.0799,0.0496
Codex,4d78cdd5.qasm,16,0.194905,0.0002,0.0304
Codex,4d78cdd5.qasm,64,0.178930,0.0002,0.0326
Codex,4d78cdd5.qasm,512,0.180886,0.0002,0.0334
Codex,4dc2ff13.qasm,16,0.181712,0.0004,0.0528
Codex,4dc2ff13.qasm,64,0.589079,0.0004,0.0419
Codex,4dc2ff13.qasm,512,0.186307,0.0004,0.0572
Codex,4e8df7a8.qasm,16,14290.144007,7.8823,0.0323
Codex,4e8df7a8.qasm,64,14051.097901,7.8823,0.0451
Codex,4e8df7a8.qasm,512,3991.463532,7.8823,0.0331
Codex,4f476879.qasm,16,1.108706,0.0309,0.0425
Codex,4f476879.qasm,64,5.087875,0.0309,0.0314
Codex,4f476879.qasm,512,146.883993,0.0309,0.0424
Codex,4f48ab57.qasm,16,0.509516,0.0012,0.0412
Codex,4f48ab57.qasm,64,0.467911,0.0012,0.0314
Codex,4f48ab57.qasm,512,0.790873,0.0012,0.0453
Codex,4f9a3ab1.qasm,16,0.179523,0.0005,0.0571
Codex,4f9a3ab1.qasm,64,0.277532,0.0005,0.0308
Codex,4f9a3ab1.qasm,512,0.177845,0.0005,0.0440
Codex,4fd60583.qasm,16,75.269181,1.0633,0.0311
Codex,4fd60583.qasm,64,4.013978,1.0633,0.0445
Codex,4fd60583.qasm,512,2233.914853,1.0633,0.0414
Codex,4ffb1090.qasm,16,2.103763,0.3379,0.0316
Codex,4ffb1090.qasm,64,2.887768,0.3379,0.0438
Codex,4ffb1090.qasm,512,2.571386,0.3379,0.0331
Codex,5050d142.qasm,16,0.231330,0.0004,0.0324
Codex,5050d142.qasm,64,1.818814,0.0004,0.0318
Codex,5050d142.qasm,512,1.640517,0.0004,0.0335
Codex,51b16166.qasm,16,1.208346,0.0265,0.0322
Codex,51b16166.qasm,64,4.172892,0.0265,0.0313
Codex,51b16166.qasm,512,92.063820,0.0265,0.0438
Codex,51b543de.qasm,16,3.058982,0.0892,0.0607
Codex,51b543de.qasm,64,24.161434,0.0892,0.0541
Codex,51b543de.qasm,512,1074.139770,0.0892,0.0305
Codex,52b00428.qasm,16,2.004967,0.0633,0.0319
Codex,52b00428.qasm,64,10.755724,0.0633,0.1409
Codex,52b00428.qasm,512,692.788979,0.0633,0.0337
Codex,53442dc5.qasm,16,0.188933,0.0005,0.0424
Codex,53442dc5.qasm,64,0.213568,0.0005,0.0549
Codex,53442dc5.qasm,512,0.193009,0.0005,0.0336
Codex,5357322a.qasm,16,2.006161,0.0138,0.0451
Codex,5357322a.qasm,64,0.181272,0.0138,0.0437
Codex,5357322a.qasm,512,6.488266,0.0138,0.0327
Codex,5385a9e9.qasm,16,1.704001,0.0518,0.0450
Codex,5385a9e9.qasm,64,10.517841,0.0518,0.0339
Codex,5385a9e9.qasm,512,405.571597,0.0518,0.0464
Codex,53e971c2.qasm,16,0.176665,0.0006,0.0478
Codex,53e971c2.qasm,64,0.173147,0.0006,0.0456
Codex,53e971c2.qasm,512,0.178853,0.0006,0.0348
Codex,54c8f710.qasm,16,0.532928,0.0002,0.0307
Codex,54c8f710.qasm,64,0.560954,0.0002,0.0325
Codex,54c8f710.qasm,512,0.559310,0.0002,0.0329
Codex,54f0b8c5.qasm,16,0.186019,0.0038,0.0431
Codex,54f0b8c5.qasm,64,0.266026,0.0038,0.0311
Codex,54f0b8c5.qasm,512,0.199324,0.0038,0.0477
Codex,551cc6ea.qasm,16,3.224974,0.0129,0.0329
Codex,551cc6ea.qasm,64,0.744547,0.0129,0.0444
Codex,551cc6ea.qasm,512,868.229876,0.0129,0.0322
Codex,568c1ef9.qasm,16,0.192175,0.0005,0.0557
Codex,568c1ef9.qasm,64,0.245737,0.0005,0.0444
Codex,568c1ef9.qasm,512,0.189524,0.0005,0.0327
Codex,574915eb.qasm,16,1.610242,0.0016,0.0456
Codex,574915eb.qasm,64,6.199765,0.0016,0.0463
Codex,574915eb.qasm,512,232.974145,0.0016,0.0326
Codex,577f5adb.qasm,16,1.253154,0.0009,0.0334
Codex,577f5adb.qasm,64,4.695779,0.0009,0.0320
Codex,577f5adb.qasm,512,2.264539,0.0009,0.0304
Codex,587be285.qasm,16,1.380942,0.0419,0.0338
Codex,587be285.qasm,64,7.972459,0.0419,0.0442
Codex,587be285.qasm,512,285.298583,0.0419,0.0312
Codex,588e0101.qasm,16,0.287663,0.0006,0.0311
Codex,588e0101.qasm,64,0.584643,0.0006,0.0430
Codex,588e0101.qasm,512,8.537893,0.0006,0.0455
Codex,591d39f6.qasm,16,2.679672,0.0828,0.0509
Codex,591d39f6.qasm,64,21.004425,0.0828,0.0398
Codex,591d39f6.qasm,512,993.642734,0.0828,0.0301
Codex,59267ce4.qasm,16,0.214869,0.0003,0.0381
Codex,59267ce4.qasm,64,0.331856,0.0003,0.0300
Codex,59267ce4.qasm,512,0.249914,0.0003,0.0333
Codex,5a4964e2.qasm,16,3.070708,0.0933,0.0520
Codex,5a4964e2.qasm,64,24.086007,0.0933,0.0417
Codex,5a4964e2.qasm,512,1010.911809,0.0933,0.0579
Codex,5a741dbe.qasm,16,331.255220,0.0026,0.0647
Codex,5a741dbe.qasm,64,282.137455,0.0026,0.0573
Codex,5a741dbe.qasm,512,156.576849,0.0026,0.0331
Codex,5a9f20b0.qasm,16,1.969654,0.0596,0.0436
Codex,5a9f20b0.qasm,64,14.223816,0.0596,0.0595
Codex,5a9f20b0.qasm,512,557.004447,0.0596,0.0477
Codex,5b419375.qasm,16,5.233954,0.0034,0.0570
Codex,5b419375.qasm,64,16.959875,0.0034,0.0563
Codex,5b419375.qasm,512,702.155695,0.0034,0.0321
Codex,5b482142.qasm,16,0.182336,0.0001,0.0304
Codex,5b482142.qasm,64,0.178501,0.0001,0.0462
Codex,5b482142.qasm,512,0.181462,0.0001,0.0423
Codex,5b58ce32.qasm,16,0.218582,0.0005,0.0324
Codex,5b58ce32.qasm,64,0.186221,0.0005,0.0311
Codex,5b58ce32.qasm,512,0.188048,0.0005,0.0336
Codex,5c176f37.qasm,16,1.722185,0.0074,0.0287
Codex,5c176f37.qasm,64,0.350602,0.0074,0.0295
Codex,5c176f37.qasm,512,230.959187,0.0074,0.0333
Codex,5c2359c8.qasm,16,14.742333,0.0253,0.0327
Codex,5c2359c8.qasm,64,1.146249,0.0253,0.0319
Codex,5c2359c8.qasm,512,25.656742,0.0253,0.0392
Codex,5cfcb9cd.qasm,16,46.123022,0.0268,0.0324
Codex,5cfcb9cd.qasm,64,44.377594,0.0268,0.0432
Codex,5cfcb9cd.qasm,512,49.759114,0.0268,0.0581
Codex,5d14d092.qasm,16,1.848388,0.0518,0.0330
Codex,5d14d092.qasm,64,10.692524,0.0518,0.0313
Codex,5d14d092.qasm,512,444.521159,0.0518,0.0298
Codex,5d2b11a2.qasm,16,1.753869,0.0533,0.0326
Codex,5d2b11a2.qasm,64,9.567864,0.0533,0.0307
Codex,5d2b11a2.qasm,512,573.901093,0.0533,0.0310
Codex,5d565485.qasm,16,1.756841,0.0544,0.0324
Codex,5d565485.qasm,64,12.880126,0.0544,0.0328
Codex,5d565485.qasm,512,579.902547,0.0544,0.0310
Codex,5da1db4b.qasm,16,1.659174,0.0484,0.0421
Codex,5da1db4b.qasm,64,9.454806,0.0484,0.0316
Codex,5da1db4b.qasm,512,343.186302,0.0484,0.0329
Codex,5e3dc35d.qasm,16,0.176744,0.0004,0.0302
Codex,5e3dc35d.qasm,64,0.168014,0.0004,0.0310
Codex,5e3dc35d.qasm,512,0.180075,0.0004,0.0293
Codex,5e4c8439.qasm,16,1.112520,0.0219,0.0307
Codex,5e4c8439.qasm,64,2.491620,0.0219,0.0435
Codex,5e4c8439.qasm,512,33.893239,0.0219,0.0330
Codex,5e6b0a76.qasm,16,1.133368,0.0004,0.0320
Codex,5e6b0a76.qasm,64,0.742494,0.0004,0.0311
Codex,5e6b0a76.qasm,512,0.746932,0.0004,0.0332
Codex,5eaee29f.qasm,16,0.733062,0.0019,0.0302
Codex,5eaee29f.qasm,64,0.294592,0.0019,0.0334
Codex,5eaee29f.qasm,512,0.734882,0.0019,0.0312
Codex,5ed4dd47.qasm,16,0.177382,0.0002,0.0298
Codex,5ed4dd47.qasm,64,0.169271,0.0002,0.0314
Codex,5ed4dd47.qasm,512,0.172686,0.0002,0.0333
Codex,5ee9c404.qasm,16,0.472772,0.0011,0.0295
Codex,5ee9c404.qasm,64,0.417520,0.0011,0.0281
Codex,5ee9c404.qasm,512,0.479264,0.0011,0.0310
Codex,5ef5ff7c.qasm,16,1.959381,0.0600,0.0445
Codex,5ef5ff7c.qasm,64,14.170275,0.0600,0.0471
Codex,5ef5ff7c.qasm,512,553.594421,0.0600,0.0418
Codex,5f0ad979.qasm,16,1.428487,0.0450,0.0411
Codex,5f0ad979.qasm,64,8.464982,0.0450,0.0446
Codex,5f0ad979.qasm,512,312.229523,0.0450,0.0311
Codex,5f39af5c.qasm,16,1.214229,0.0010,0.0331
Codex,5f39af5c.qasm,64,1.217969,0.0010,0.0463
Codex,5f39af5c.qasm,512,1.213629,0.0010,0.0428
Codex,5f6a8a9b.qasm,16,0.209336,0.0008,0.0435
Codex,5f6a8a9b.qasm,64,0.182354,0.0008,0.0454
Codex,5f6a8a9b.qasm,512,0.211735,0.0008,0.0458
Codex,5f79d6db.qasm,16,1.439602,0.0457,0.0324
Codex,5f79d6db.qasm,64,8.475124,0.0457,0.0304
Codex,5f79d6db.qasm,512,311.842844,0.0457,0.0574
Codex,613afa2d.qasm,16,1.171142,0.0296,0.0452
Codex,613afa2d.qasm,64,4.284179,0.0296,0.0421
Codex,613afa2d.qasm,512,93.909715,0.0296,0.0561
Codex,622c4417.qasm,16,1.906162,0.0590,0.0295
Codex,622c4417.qasm,64,14.140806,0.0590,0.0446
Codex,622c4417.qasm,512,551.527920,0.0590,0.0428
Codex,635bd24f.qasm,16,9.740272,0.0569,0.0320
Codex,635bd24f.qasm,64,0.328129,0.0569,0.0277
Codex,635bd24f.qasm,512,59.925800,0.0569,0.0561
Codex,637811d8.qasm,16,1.987084,0.0547,0.0451
Codex,637811d8.qasm,64,11.487439,0.0547,0.0437
Codex,637811d8.qasm,512,435.867594,0.0547,0.0323
Codex,63aaa50d.qasm,16,0.242785,0.0033,0.0451
Codex,63aaa50d.qasm,64,0.316356,0.0033,0.0317
Codex,63aaa50d.qasm,512,0.233086,0.0033,0.0329
Codex,64273f69.qasm,16,1.389615,0.0412,0.0454
Codex,64273f69.qasm,64,7.985581,0.0412,0.0550
Codex,64273f69.qasm,512,285.852134,0.0412,0.0307
Codex,6457f235.qasm,16,0.274726,0.0006,0.0317
Codex,6457f235.qasm,64,0.818848,0.0006,0.0439
Codex,6457f235.qasm,512,13.682629,0.0006,0.0277
Codex,64731b8d.qasm,16,2.054399,0.0584,0.0588
Codex,64731b8d.qasm,64,12.582794,0.0584,0.0292
Codex,64731b8d.qasm,512,483.385502,0.0584,0.0325
Codex,64f32748.qasm,16,1.996689,0.0551,0.0579
Codex,64f32748.qasm,64,11.481564,0.0551,0.0437
Codex,64f32748.qasm,512,436.941107,0.0551,0.0431
Codex,6533abd6.qasm,16,2508.444729,0.4461,0.0335
Codex,6533abd6.qasm,64,506.270922,0.4461,0.0544
Codex,6533abd6.qasm,512,9262.301543,0.4461,0.0307
Codex,65dcd512.qasm,16,0.428134,0.0038,0.0456
Codex,65dcd512.qasm,64,0.467582,0.0038,0.0415
Codex,65dcd512.qasm,512,0.421720,0.0038,0.0308
Codex,661be484.qasm,16,721.435014,1.9896,0.0557
Codex,661be484.qasm,64,597.195626,1.9896,0.0297
Codex,661be484.qasm,512,14377.710651,1.9896,0.0331
Codex,66343f14.qasm,16,0.184356,0.0002,0.0451
Codex,66343f14.qasm,64,0.177813,0.0002,0.0333
Codex,66343f14.qasm,512,0.180490,0.0002,0.0578
Codex,6694b099.qasm,16,13.687265,0.0100,0.0330
Codex,6694b099.qasm,64,12.965440,0.0100,0.0311
Codex,6694b099.qasm,512,15.114721,0.0100,0.0429
Codex,67346cae.qasm,16,0.176192,0.0003,0.0296
Codex,67346cae.qasm,64,0.159676,0.0003,0.0435
Codex,67346cae.qasm,512,0.164451,0.0003,0.0310
Codex,6740a375.qasm,16,0.173677,0.0023,0.0329
Codex,6740a375.qasm,64,9.839453,0.0023,0.0409
Codex,6740a375.qasm,512,0.214785,0.0023,0.0442
Codex,6785591a.qasm,16,0.214137,0.0007,0.0318
Codex,6785591a.qasm,64,0.999810,0.0007,0.0315
Codex,6785591a.qasm,512,0.227886,0.0007,0.0579
Codex,67b5fe45.qasm,16,291.175948,0.9069,0.0327
Codex,67b5fe45.qasm,64,154.911013,0.9069,0.0332
Codex,67b5fe45.qasm,512,1653.512309,0.9069,0.0290
Codex,67f3547d.qasm,16,1.378094,0.0004,0.0315
Codex,67f3547d.qasm,64,1.347743,0.0004,0.0291
Codex,67f3547d.qasm,512,1.366258,0.0004,0.0300
Codex,68528bdf.qasm,16,0.181637,0.0008,0.0434
Codex,68528bdf.qasm,64,0.170849,0.0008,0.0326
Codex,68528bdf.qasm,512,0.182661,0.0008,0.0275
Codex,699bd83c.qasm,16,761.768025,0.2517,0.0561
Codex,699bd83c.qasm,64,815.310633,0.2517,0.0297
Codex,699bd83c.qasm,512,13602.363903,0.2517,0.0549
Codex,69c7223c.qasm,16,1.102154,0.0024,0.0316
Codex,69c7223c.qasm,64,5.739092,0.0024,0.0327
Codex,69c7223c.qasm,512,272.235805,0.0024,0.0445
Codex,69c8191e.qasm,16,0.172042,0.0015,0.0315
Codex,69c8191e.qasm,64,1.061186,0.0015,0.0303
Codex,69c8191e.qasm,512,0.171964,0.0015,0.0410
Codex,69cf1b12.qasm,16,1.868509,0.0517,0.0338
Codex,69cf1b12.qasm,64,10.681679,0.0517,0.0327
Codex,69cf1b12.qasm,512,435.545115,0.0517,0.0319
Codex,69e799fa.qasm,16,1.722206,0.0490,0.0285
Codex,69e799fa.qasm,64,10.083191,0.0490,0.0424
Codex,69e799fa.qasm,512,404.843631,0.0490,0.0445
Codex,6a5034af.qasm,16,6.711320,0.2768,0.0437
Codex,6a5034af.qasm,64,4.529289,0.2768,0.0326
Codex,6a5034af.qasm,512,8.483324,0.2768,0.0334
Codex,6bc3891b.qasm,16,0.190213,0.0006,0.0314
Codex,6bc3891b.qasm,64,0.279602,0.0006,0.0317
Codex,6bc3891b.qasm,512,0.194287,0.0006,0.0446
Codex,6c69bcc7.qasm,16,1.870220,0.0553,0.0296
Codex,6c69bcc7.qasm,64,11.408775,0.0553,0.0527
Codex,6c69bcc7.qasm,512,470.029334,0.0553,0.0311
Codex,6c848dc7.qasm,16,0.184800,0.0007,0.0458
Codex,6c848dc7.qasm,64,0.293357,0.0007,0.1319
Codex,6c848dc7.qasm,512,0.187036,0.0007,0.0316
Codex,6d2833ea.qasm,16,1.865919,0.0517,0.0464
Codex,6d2833ea.qasm,64,10.643939,0.0517,0.0440
Codex,6d2833ea.qasm,512,438.100261,0.0517,0.0573
Codex,6da6ce61.qasm,16,2.614457,0.0768,0.0481
Codex,6da6ce61.qasm,64,18.417796,0.0768,0.0312
Codex,6da6ce61.qasm,512,707.785057,0.0768,0.0447
Codex,6de17b5a.qasm,16,7.945306,0.0028,0.0595
Codex,6de17b5a.qasm,64,29.736342,0.0028,0.0423
Codex,6de17b5a.qasm,512,686.783945,0.0028,0.0338
Codex,6ee18f92.qasm,16,0.178711,0.0003,0.0312
Codex,6ee18f92.qasm,64,1.131857,0.0003,0.0320
Codex,6ee18f92.qasm,512,1.321618,0.0003,0.0312
Codex,6f16ddc6.qasm,16,0.180503,0.0003,0.0450
Codex,6f16ddc6.qasm,64,0.172396,0.0003,0.0329
Codex,6f16ddc6.qasm,512,0.177643,0.0003,0.0315
Codex,6f6328cc.qasm,16,6.406703,0.0497,0.0330
Codex,6f6328cc.qasm,64,0.233361,0.0497,0.0326
Codex,6f6328cc.qasm,512,40.609966,0.0497,0.0313
Codex,6fef948c.qasm,16,9.576173,0.1126,0.0322
Codex,6fef948c.qasm,64,0.757897,0.1126,0.0319
Codex,6fef948c.qasm,512,9.733029,0.1126,0.0334
Codex,700c376b.qasm,16,2.052225,0.0558,0.0308
Codex,700c376b.qasm,64,12.181827,0.0558,0.0457
Codex,700c376b.qasm,512,479.339830,0.0558,0.0311
Codex,7063be19.qasm,16,1.987055,0.0615,0.0322
Codex,7063be19.qasm,64,12.702202,0.0615,0.0304
Codex,7063be19.qasm,512,702.918515,0.0615,0.0316
Codex,70d5d461.qasm,16,5.618742,0.0137,0.0415
Codex,70d5d461.qasm,64,0.957699,0.0137,0.0316
Codex,70d5d461.qasm,512,87.063524,0.0137,0.0433
Codex,711cdd0b.qasm,16,1.524942,0.0399,0.0330
Codex,711cdd0b.qasm,64,6.935352,0.0399,0.0311
Codex,711cdd0b.qasm,512,204.770312,0.0399,0.0442
Codex,72b5f996.qasm,16,0.189580,0.0013,0.0321
Codex,72b5f996.qasm,64,0.626607,0.0013,0.0323
Codex,72b5f996.qasm,512,0.183382,0.0013,0.0326
Codex,72cc2f13.qasm,16,13.793341,0.1741,0.0318
Codex,72cc2f13.qasm,64,5.334831,0.1741,0.0292
Codex,72cc2f13.qasm,512,922.948415,0.1741,0.0455
Codex,72d8892d.qasm,16,1.347928,0.0008,0.0328
Codex,72d8892d.qasm,64,5.957789,0.0008,0.0306
Codex,72d8892d.qasm,512,109.783982,0.0008,0.0463
Codex,73191d24.qasm,16,0.174598,0.0009,0.0303
Codex,73191d24.qasm,64,0.167617,0.0009,0.0456
Codex,73191d24.qasm,512,0.172455,0.0009,0.0312
Codex,7337baba.qasm,16,0.175363,0.0001,0.0303
Codex,7337baba.qasm,64,0.176974,0.0001,0.0429
Codex,7337baba.qasm,512,0.179070,0.0001,0.0412
Codex,733f4518.qasm,16,275.656265,1.3939,0.0301
Codex,733f4518.qasm,64,29.813490,1.3939,0.0313
Codex,733f4518.qasm,512,10217.693651,1.3939,0.0316
Codex,73f498a0.qasm,16,0.611318,0.0014,0.0293
Codex,73f498a0.qasm,64,0.891553,0.0014,0.0310
Codex,73f498a0.qasm,512,1.088298,0.0014,0.0340
Codex,742bfb51.qasm,16,14400.000000,4.0862,0.0584
Codex,742bfb51.qasm,64,14400.000000,4.0862,0.0327
Codex,742bfb51.qasm,512,3697.117179,4.0862,0.0311
Codex,749ea355.qasm,16,0.263416,0.0042,0.0309
Codex,749ea355.qasm,64,2.102171,0.0042,0.0447
Codex,749ea355.qasm,512,0.276370,0.0042,0.0536
Codex,7513561e.qasm,16,1.760575,0.0534,0.0574
Codex,7513561e.qasm,64,11.727669,0.0534,0.0398
Codex,7513561e.qasm,512,571.999065,0.0534,0.0297
Codex,75137edd.qasm,16,2.407136,0.0066,0.0310
Codex,75137edd.qasm,64,0.351239,0.0066,0.0317
Codex,75137edd.qasm,512,5.085526,0.0066,0.0320
Codex,751d7ced.qasm,16,2.190343,0.0582,0.0323
Codex,751d7ced.qasm,64,12.599699,0.0582,0.0318
Codex,751d7ced.qasm,512,525.148724,0.0582,0.0332
Codex,752a65aa.qasm,16,1.745701,0.0487,0.0322
Codex,752a65aa.qasm,64,10.081010,0.0487,0.0443
Codex,752a65aa.qasm,512,410.643022,0.0487,0.0322
Codex,7548d858.qasm,16,0.535735,0.0166,0.0322
Codex,7548d858.qasm,64,1.355110,0.0166,0.0437
Codex,7548d858.qasm,512,3.559567,0.0166,0.0340
Codex,758554e0.qasm,16,740.444146,0.0273,0.0327
Codex,758554e0.qasm,64,584.928138,0.0273,0.0450
Codex,758554e0.qasm,512,607.111125,0.0273,0.0323
Codex,75bd5cbf.qasm,16,27.506046,0.0022,0.0293
Codex,75bd5cbf.qasm,64,25.131560,0.0022,0.0335
Codex,75bd5cbf.qasm,512,37.807953,0.0022,0.0409
Codex,76034335.qasm,16,0.206160,0.0003,0.0333
Codex,76034335.qasm,64,0.547180,0.0003,0.0425
Codex,76034335.qasm,512,0.268190,0.0003,0.0437
Codex,76d0b692.qasm,16,23.749010,0.3503,0.0463
Codex,76d0b692.qasm,64,2.705101,0.3503,0.0325
Codex,76d0b692.qasm,512,1570.681589,0.3503,0.0435
Codex,77a3a480.qasm,16,1.650231,0.0462,0.0337
Codex,77a3a480.qasm,64,8.938409,0.0462,0.0310
Codex,77a3a480.qasm,512,341.928186,0.0462,0.0305
Codex,78adf5c7.qasm,16,4.317644,0.0031,0.0551
Codex,78adf5c7.qasm,64,10.619378,0.0031,0.0437
Codex,78adf5c7.qasm,512,513.992701,0.0031,0.0458
Codex,78f96e37.qasm,16,1.393744,0.0355,0.0324
Codex,78f96e37.qasm,64,5.735011,0.0355,0.0333
Codex,78f96e37.qasm,512,134.348435,0.0355,0.0420
Codex,79b12d71.qasm,16,1.667445,0.0484,0.0314
Codex,79b12d71.qasm,64,9.521435,0.0484,0.0446
Codex,79b12d71.qasm,512,342.923980,0.0484,0.0315
Codex,7a0c7e70.qasm,16,329.311194,1.0648,0.0298
Codex,7a0c7e70.qasm,64,333.983175,1.0648,0.0417
Codex,7a0c7e70.qasm,512,13875.014669,1.0648,0.0314
Codex,7a1c98cc.qasm,16,1.912821,0.0003,0.0437
Codex,7a1c98cc.qasm,64,0.900721,0.0003,0.0319
Codex,7a1c98cc.qasm,512,1.039671,0.0003,0.0316
Codex,7a79f013.qasm,16,650.441171,0.2372,0.0515
Codex,7a79f013.qasm,64,670.816087,0.2372,0.0529
Codex,7a79f013.qasm,512,12939.314515,0.2372,0.0336
Codex,7aad2132.qasm,16,2.680359,0.0804,0.0340
Codex,7aad2132.qasm,64,20.942406,0.0804,0.0443
Codex,7aad2132.qasm,512,983.495700,0.0804,0.0314
Codex,7afdbe61.qasm,16,2.080142,0.0140,0.0438
Codex,7afdbe61.qasm,64,0.183234,0.0140,0.0331
Codex,7afdbe61.qasm,512,6.629425,0.0140,0.0329
Codex,7b19558f.qasm,16,3.997955,0.0501,0.0336
Codex,7b19558f.qasm,64,2.577788,0.0501,0.0302
Codex,7b19558f.qasm,512,4.179307,0.0501,0.0454
Codex,7bab61ca.qasm,16,66.196970,0.0025,0.0556
Codex,7bab61ca.qasm,64,59.950393,0.0025,0.0338
Codex,7bab61ca.qasm,512,62.184426,0.0025,0.0308
Codex,7be7d477.qasm,16,2.399637,0.0707,0.0456
Codex,7be7d477.qasm,64,18.156489,0.0707,0.0454
Codex,7be7d477.qasm,512,735.464214,0.0707,0.0446
Codex,7bf0f1bc.qasm,16,2.109885,0.0580,0.0436
Codex,7bf0f1bc.qasm,64,12.169625,0.0580,0.0314
Codex,7bf0f1bc.qasm,512,495.205320,0.0580,0.0435
Codex,7c9f6bae.qasm,16,2.221787,0.0590,0.0315
Codex,7c9f6bae.qasm,64,12.656203,0.0590,0.0417
Codex,7c9f6bae.qasm,512,521.240504,0.0590,0.0311
Codex,7d6d9a38.qasm,16,3.078818,0.0889,0.0424
Codex,7d6d9a38.qasm,64,24.490194,0.0889,0.0452
Codex,7d6d9a38.qasm,512,915.549261,0.0889,0.0315
Codex,7db40afb.qasm,16,0.174589,0.0002,0.0287
Codex,7db40afb.qasm,64,0.173622,0.0002,0.0305
Codex,7db40afb.qasm,512,0.177305,0.0002,0.0290
Codex,7fdad0c4.qasm,16,2.000190,0.0616,0.0303
Codex,7fdad0c4.qasm,64,14.750537,0.0616,0.0418
Codex,7fdad0c4.qasm,512,666.744147,0.0616,0.0423
Codex,81af3d74.qasm,16,0.225038,0.0003,0.0315
Codex,81af3d74.qasm,64,0.202970,0.0003,0.0427
Codex,81af3d74.qasm,512,0.216486,0.0003,0.0333
Codex,81f388c7.qasm,16,0.180952,0.0009,0.0329
Codex,81f388c7.qasm,64,0.176901,0.0009,0.0422
Codex,81f388c7.qasm,512,0.188800,0.0009,0.0466
Codex,81fdeb0a.qasm,16,0.173845,0.0002,0.0434
Codex,81fdeb0a.qasm,64,0.164201,0.0002,0.0291
Codex,81fdeb0a.qasm,512,0.169806,0.0002,0.0448
Codex,827a3442.qasm,16,0.181399,0.0002,0.0322
Codex,827a3442.qasm,64,0.177487,0.0002,0.0422
Codex,827a3442.qasm,512,0.185108,0.0002,0.0333
Codex,82b89c68.qasm,16,3.229111,0.0173,0.0312
Codex,82b89c68.qasm,64,0.166622,0.0173,0.0424
Codex,82b89c68.qasm,512,19.649190,0.0173,0.0411
Codex,831c33e1.qasm,16,2.349534,0.0719,0.0319
Codex,831c33e1.qasm,64,18.123799,0.0719,0.0442
Codex,831c33e1.qasm,512,824.559644,0.0719,0.0416
Codex,8335b01d.qasm,16,0.174757,0.0003,0.0408
Codex,8335b01d.qasm,64,0.861577,0.0003,0.0308
Codex,8335b01d.qasm,512,0.257699,0.0003,0.0447
Codex,834596bc.qasm,16,339.302492,0.0822,0.0427
Codex,834596bc.qasm,64,464.463751,0.0822,0.0315
Codex,834596bc.qasm,512,9506.039120,0.0822,0.0313
Codex,83b22dc5.qasm,16,1.239540,0.0259,0.0308
Codex,83b22dc5.qasm,64,3.401910,0.0259,0.0309
Codex,83b22dc5.qasm,512,72.204148,0.0259,0.0316
Codex,8400dcc1.qasm,16,0.182891,0.0042,0.0439
Codex,8400dcc1.qasm,64,9.186580,0.0042,0.0319
Codex,8400dcc1.qasm,512,0.168999,0.0042,0.0446
Codex,8422040e.qasm,16,0.169826,0.0006,0.0306
Codex,8422040e.qasm,64,2.606261,0.0006,0.0464
Codex,8422040e.qasm,512,0.174565,0.0006,0.0316
Codex,84fe3fba.qasm,16,6.048993,0.0839,0.0292
Codex,84fe3fba.qasm,64,0.382277,0.0839,0.0330
Codex,84fe3fba.qasm,512,475.620396,0.0839,0.0314
Codex,85317608.qasm,16,0.193968,0.0013,0.0588
Codex,85317608.qasm,64,1.188075,0.0013,0.0334
Codex,85317608.qasm,512,0.174255,0.0013,0.0441
Codex,85863407.qasm,16,1.689538,0.0548,0.0330
Codex,85863407.qasm,64,10.476930,0.0548,0.0342
Codex,85863407.qasm,512,407.145927,0.0548,0.0332
Codex,860cc392.qasm,16,1.706545,0.0549,0.0442
Codex,860cc392.qasm,64,10.441429,0.0549,0.0328
Codex,860cc392.qasm,512,405.332958,0.0549,0.0337
Codex,86464ad3.qasm,16,0.182393,0.0006,0.0333
Codex,86464ad3.qasm,64,0.175247,0.0006,0.0329
Codex,86464ad3.qasm,512,0.171151,0.0006,0.0316
Codex,871618c1.qasm,16,1.298271,0.0364,0.0337
Codex,871618c1.qasm,64,6.517358,0.0364,0.0300
Codex,871618c1.qasm,512,210.861848,0.0364,0.0418
Codex,8732dc00.qasm,16,0.178612,0.0023,0.0323
Codex,8732dc00.qasm,64,2.459853,0.0023,0.0402
Codex,8732dc00.qasm,512,0.170867,0.0023,0.0417
Codex,884b47f6.qasm,16,6.508629,0.0153,0.0327
Codex,884b47f6.qasm,64,0.246591,0.0153,0.0337
Codex,884b47f6.qasm,512,14.207989,0.0153,0.0308
Codex,885efe5b.qasm,16,1.089114,0.0257,0.0444
Codex,885efe5b.qasm,64,3.409755,0.0257,0.0403
Codex,885efe5b.qasm,512,69.952623,0.0257,0.0334
Codex,8930abda.qasm,16,0.183988,0.0022,0.0308
Codex,8930abda.qasm,64,4.482956,0.0022,0.0343
Codex,8930abda.qasm,512,0.181975,0.0022,0.0468
Codex,896404d8.qasm,16,5.431850,0.0837,0.0327
Codex,896404d8.qasm,64,0.485584,0.0837,0.0414
Codex,896404d8.qasm,512,460.993780,0.0837,0.0576
Codex,8a146ce3.qasm,16,112.477711,0.3754,0.0337
Codex,8a146ce3.qasm,64,183.170004,0.3754,0.0311
Codex,8a146ce3.qasm,512,7347.220700,0.3754,0.0307
Codex,8a1c1c3f.qasm,16,0.185769,0.0004,0.0314
Codex,8a1c1c3f.qasm,64,0.283926,0.0004,0.0461
Codex,8a1c1c3f.qasm,512,0.184265,0.0004,0.0444
Codex,8a2ab626.qasm,16,1.696156,0.0517,0.0450
Codex,8a2ab626.qasm,64,12.307265,0.0517,0.0311
Codex,8a2ab626.qasm,512,460.678991,0.0517,0.0333
Codex,8b77bf87.qasm,16,0.326381,0.0085,0.0313
Codex,8b77bf87.qasm,64,8.838215,0.0085,0.0318
Codex,8b77bf87.qasm,512,0.350813,0.0085,0.0327
Codex,8bd576fc.qasm,16,6.172169,0.0141,0.0303
Codex,8bd576fc.qasm,64,1.990418,0.0141,0.0334
Codex,8bd576fc.qasm,512,109.260887,0.0141,0.0314
Codex,8c01a935.qasm,16,2.782016,0.0033,0.0295
Codex,8c01a935.qasm,64,15.010004,0.0033,0.0311
Codex,8c01a935.qasm,512,446.963542,0.0033,0.0445
Codex,8d5010bc.qasm,16,0.206716,0.0005,0.0299
Codex,8d5010bc.qasm,64,0.183882,0.0005,0.0433
Codex,8d5010bc.qasm,512,0.203206,0.0005,0.0318
Codex,8d9d4033.qasm,16,1.085622,0.0216,0.0317
Codex,8d9d4033.qasm,64,2.570087,0.0216,0.0430
Codex,8d9d4033.qasm,512,34.589208,0.0216,0.0316
Codex,8e84b85a.qasm,16,0.184191,0.0013,0.0438
Codex,8e84b85a.qasm,64,0.161469,0.0013,0.0305
Codex,8e84b85a.qasm,512,0.183863,0.0013,0.0312
Codex,8e9564e3.qasm,16,1.441118,0.0458,0.0456
Codex,8e9564e3.qasm,64,8.435905,0.0458,0.0313
Codex,8e9564e3.qasm,512,307.279177,0.0458,0.0310
Codex,8f4e1b64.qasm,16,12.381228,0.1748,0.0300
Codex,8f4e1b64.qasm,64,2.775700,0.1748,0.0548
Codex,8f4e1b64.qasm,512,895.365107,0.1748,0.0310
Codex,8f564e3e.qasm,16,1.993894,0.0617,0.0454
Codex,8f564e3e.qasm,64,15.424015,0.0617,0.0333
Codex,8f564e3e.qasm,512,691.420332,0.0617,0.0440
Codex,8f8fbcbd.qasm,16,953.756329,1.6010,0.0325
Codex,8f8fbcbd.qasm,64,1043.237800,1.6010,0.0440
Codex,8f8fbcbd.qasm,512,14198.034603,1.6010,0.0334
Codex,8fb9e9ac.qasm,16,0.206945,0.0100,0.0322
Codex,8fb9e9ac.qasm,64,0.534682,0.0100,0.0328
Codex,8fb9e9ac.qasm,512,0.213934,0.0100,0.0319
Codex,9143d50f.qasm,16,0.198135,0.0027,0.0450
Codex,9143d50f.qasm,64,2.425115,0.0027,0.0441
Codex,9143d50f.qasm,512,0.200488,0.0027,0.0335
Codex,917fa943.qasm,16,1.652405,0.0049,0.0447
Codex,917fa943.qasm,64,0.822515,0.0049,0.0327
Codex,917fa943.qasm,512,150.050781,0.0049,0.0316
Codex,92f98bb3.qasm,16,0.476215,0.0112,0.0317
Codex,92f98bb3.qasm,64,0.354684,0.0112,0.0334
Codex,92f98bb3.qasm,512,0.350358,0.0112,0.0336
Codex,933b305c.qasm,16,1.847822,0.0523,0.0445
Codex,933b305c.qasm,64,10.638289,0.0523,0.0511
Codex,933b305c.qasm,512,433.627102,0.0523,0.0311
Codex,93865be7.qasm,16,0.198235,0.0001,0.0404
Codex,93865be7.qasm,64,0.212278,0.0001,0.0464
Codex,93865be7.qasm,512,0.213238,0.0001,0.0304
Codex,9395edc6.qasm,16,6.156463,0.0005,0.0337
Codex,9395edc6.qasm,64,5.949299,0.0005,0.0304
Codex,9395edc6.qasm,512,6.291765,0.0005,0.0286
Codex,93c78575.qasm,16,2.240322,0.0609,0.0332
Codex,93c78575.qasm,64,13.197757,0.0609,0.0305
Codex,93c78575.qasm,512,570.875040,0.0609,0.0325
Codex,9429600a.qasm,16,2.125956,0.0582,0.0329
Codex,9429600a.qasm,64,12.174889,0.0582,0.0436
Codex,9429600a.qasm,512,496.274317,0.0582,0.0311
Codex,94f4e26a.qasm,16,2.563763,0.0767,0.0435
Codex,94f4e26a.qasm,64,18.414485,0.0767,0.0444
Codex,94f4e26a.qasm,512,695.336082,0.0767,0.0337
Codex,950704f2.qasm,16,29.850973,0.0529,0.0448
Codex,950704f2.qasm,64,3.640571,0.0529,0.0440
Codex,950704f2.qasm,512,30.642090,0.0529,0.0294
Codex,954ad251.qasm,16,0.192144,0.0002,0.0293
Codex,954ad251.qasm,64,0.181921,0.0002,0.0285
Codex,954ad251.qasm,512,0.187554,0.0002,0.0441
Codex,957c248b.qasm,16,0.474867,0.0038,0.0322
Codex,957c248b.qasm,64,0.338378,0.0038,0.0284
Codex,957c248b.qasm,512,0.542794,0.0038,0.0318
Codex,964382be.qasm,16,2.628737,0.0761,0.0320
Codex,964382be.qasm,64,18.326859,0.0761,0.0568
Codex,964382be.qasm,512,672.875656,0.0761,0.0281
Codex,965eb08c.qasm,16,1.650634,0.0487,0.0449
Codex,965eb08c.qasm,64,9.506116,0.0487,0.0310
Codex,965eb08c.qasm,512,349.321850,0.0487,0.0332
Codex,96876fa5.qasm,16,8.256008,0.0886,0.0445
Codex,96876fa5.qasm,64,1.077927,0.0886,0.0337
Codex,96876fa5.qasm,512,12.892758,0.0886,0.0290
Codex,96f82da7.qasm,16,0.228323,0.0021,0.0336
Codex,96f82da7.qasm,64,1.649463,0.0021,0.0433
Codex,96f82da7.qasm,512,0.257376,0.0021,0.0318
Codex,981d8651.qasm,16,0.179521,0.0012,0.0479
Codex,981d8651.qasm,64,4.732301,0.0012,0.0339
Codex,981d8651.qasm,512,0.173162,0.0012,0.0329
Codex,9a442b56.qasm,16,9.742123,0.0590,0.0327
Codex,9a442b56.qasm,64,0.607856,0.0590,0.0335
Codex,9a442b56.qasm,512,62.672915,0.0590,0.0336
Codex,9c6b6510.qasm,16,0.308478,0.0085,0.0427
Codex,9c6b6510.qasm,64,2.158779,0.0085,0.0311
Codex,9c6b6510.qasm,512,0.318173,0.0085,0.0314
Codex,9ccf974e.qasm,16,0.261793,0.0003,0.0518
Codex,9ccf974e.qasm,64,0.209940,0.0003,0.0412
Codex,9ccf974e.qasm,512,0.207629,0.0003,0.0423
Codex,9d76010e.qasm,16,0.170478,0.0008,0.0307
Codex,9d76010e.qasm,64,2.823783,0.0008,0.0310
Codex,9d76010e.qasm,512,0.171395,0.0008,0.0330
Codex,9d7cbc78.qasm,16,0.468889,0.0114,0.0456
Codex,9d7cbc78.qasm,64,0.347248,0.0114,0.0449
Codex,9d7cbc78.qasm,512,0.346097,0.0114,0.0328
Codex,9d7e60b6.qasm,16,0.193902,0.0029,0.0587
Codex,9d7e60b6.qasm,64,2.204502,0.0029,0.0571
Codex,9d7e60b6.qasm,512,0.174346,0.0029,0.0314
Codex,9e3be92a.qasm,16,30.676534,0.0537,0.0328
Codex,9e3be92a.qasm,64,3.727560,0.0537,0.0582
Codex,9e3be92a.qasm,512,31.606621,0.0537,0.0529
Codex,9ea3bed5.qasm,16,3.950984,0.0034,0.0594
Codex,9ea3bed5.qasm,64,3.949782,0.0034,0.0315
Codex,9ea3bed5.qasm,512,4.115636,0.0034,0.0328
Codex,9f744e04.qasm,16,57.354802,0.1568,0.0315
Codex,9f744e04.qasm,64,87.266582,0.1568,0.0464
Codex,9f744e04.qasm,512,3820.428596,0.1568,0.0454
Codex,a0a79499.qasm,16,1.370978,0.0021,0.0306
Codex,a0a79499.qasm,64,0.988935,0.0021,0.0335
Codex,a0a79499.qasm,512,1.593914,0.0021,0.0417
Codex,a0b53b67.qasm,16,0.182890,0.0013,0.0550
Codex,a0b53b67.qasm,64,0.526216,0.0013,0.0330
Codex,a0b53b67.qasm,512,0.608274,0.0013,0.0305
Codex,a169a3ba.qasm,16,1.641863,0.0446,0.0422
Codex,a169a3ba.qasm,64,8.888809,0.0446,0.0299
Codex,a169a3ba.qasm,512,332.959553,0.0446,0.0315
Codex,a1b3d3aa.qasm,16,3.138444,0.0037,0.0329
Codex,a1b3d3aa.qasm,64,6.997629,0.0037,0.0415
Codex,a1b3d3aa.qasm,512,111.620901,0.0037,0.0459
Codex,a1bc8d56.qasm,16,1.081871,0.0207,0.0315
Codex,a1bc8d56.qasm,64,2.268167,0.0207,0.0442
Codex,a1bc8d56.qasm,512,23.233401,0.0207,0.0311
Codex,a3cb01ca.qasm,16,1.227292,0.0255,0.0317
Codex,a3cb01ca.qasm,64,3.385489,0.0255,0.0463
Codex,a3cb01ca.qasm,512,71.163784,0.0255,0.0316
Codex,a409aaa1.qasm,16,3.114048,0.0044,0.0427
Codex,a409aaa1.qasm,64,6.993167,0.0044,0.0428
Codex,a409aaa1.qasm,512,118.336084,0.0044,0.0297
Codex,a440a477.qasm,16,13.773861,0.0010,0.0335
Codex,a440a477.qasm,64,9.995894,0.0010,0.0332
Codex,a440a477.qasm,512,14.665230,0.0010,0.0441
Codex,a44fdc9f.qasm,16,0.186542,0.0016,0.0460
Codex,a44fdc9f.qasm,64,1.015392,0.0016,0.0332
Codex,a44fdc9f.qasm,512,0.177993,0.0016,0.0322
Codex,a4f95806.qasm,16,0.177641,0.0007,0.0333
Codex,a4f95806.qasm,64,0.604004,0.0007,0.0318
Codex,a4f95806.qasm,512,0.183912,0.0007,0.0278
Codex,a75c691c.qasm,16,2.080644,0.0137,0.0336
Codex,a75c691c.qasm,64,0.174338,0.0137,0.0434
Codex,a75c691c.qasm,512,6.660256,0.0137,0.0306
Codex,a8818670.qasm,16,0.179455,0.0003,0.0301
Codex,a8818670.qasm,64,1.095758,0.0003,0.0420
Codex,a8818670.qasm,512,0.218892,0.0003,0.0453
Codex,a8b40b61.qasm,16,1.640978,0.0482,0.0326
Codex,a8b40b61.qasm,64,9.379723,0.0482,0.0318
Codex,a8b40b61.qasm,512,345.279783,0.0482,0.0331
Codex,a8dfab96.qasm,16,1.080991,0.0216,0.0443
Codex,a8dfab96.qasm,64,2.576555,0.0216,0.0446
Codex,a8dfab96.qasm,512,34.671422,0.0216,0.0444
Codex,a9091180.qasm,16,2.109944,0.0581,0.0403
Codex,a9091180.qasm,64,12.157492,0.0581,0.0292
Codex,a9091180.qasm,512,496.854028,0.0581,0.0429
Codex,aa41f5f1.qasm,16,2.078986,0.0583,0.0308
Codex,aa41f5f1.qasm,64,12.432216,0.0583,0.0335
Codex,aa41f5f1.qasm,512,500.632131,0.0583,0.0331
Codex,aac529b2.qasm,16,612.643157,0.1107,0.0316
Codex,aac529b2.qasm,64,108.864753,0.1107,0.0320
Codex,aac529b2.qasm,512,4919.733339,0.1107,0.0311
Codex,aaf05f5c.qasm,16,1.139733,0.0310,0.0435
Codex,aaf05f5c.qasm,64,5.107984,0.0310,0.0413
Codex,aaf05f5c.qasm,512,144.653341,0.0310,0.0453
Codex,ab65fd24.qasm,16,2.685471,0.0786,0.0445
Codex,ab65fd24.qasm,64,21.176536,0.0786,0.0324
Codex,ab65fd24.qasm,512,924.843561,0.0786,0.0430
Codex,ab8a1b3c.qasm,16,4.938200,0.0104,0.0404
Codex,ab8a1b3c.qasm,64,0.270373,0.0104,0.0320
Codex,ab8a1b3c.qasm,512,13.044553,0.0104,0.0307
Codex,ab964bf6.qasm,16,1.108038,0.0303,0.0458
Codex,ab964bf6.qasm,64,5.114192,0.0303,0.0431
Codex,ab964bf6.qasm,512,147.398424,0.0303,0.0305
Codex,aceda861.qasm,16,236.666320,0.0045,0.0424
Codex,aceda861.qasm,64,168.761863,0.0045,0.0446
Codex,aceda861.qasm,512,229.571444,0.0045,0.0308
Codex,ad2439c7.qasm,16,2.293361,0.0670,0.0452
Codex,ad2439c7.qasm,64,16.272603,0.0670,0.0458
Codex,ad2439c7.qasm,512,593.152328,0.0670,0.0329
Codex,ad74d7c1.qasm,16,5.215214,0.0061,0.0444
Codex,ad74d7c1.qasm,64,12.203155,0.0061,0.0335
Codex,ad74d7c1.qasm,512,237.993614,0.0061,0.0425
Codex,aed3c1af.qasm,16,1.745852,0.0498,0.0335
Codex,aed3c1af.qasm,64,10.118278,0.0498,0.0323
Codex,aed3c1af.qasm,512,402.661049,0.0498,0.0321
Codex,af2659f0.qasm,16,0.168993,0.0004,0.0315
Codex,af2659f0.qasm,64,0.161165,0.0004,0.0440
Codex,af2659f0.qasm,512,0.166065,0.0004,0.0318
Codex,af88ad19.qasm,16,0.177319,0.0055,0.0312
Codex,af88ad19.qasm,64,0.178299,0.0055,0.0454
Codex,af88ad19.qasm,512,0.181163,0.0055,0.0332
Codex,af8b17d0.qasm,16,0.181879,0.0001,0.0335
Codex,af8b17d0.qasm,64,0.169556,0.0001,0.0422
Codex,af8b17d0.qasm,512,0.177772,0.0001,0.0323
Codex,b06c81ca.qasm,16,1.535636,0.0398,0.0433
Codex,b06c81ca.qasm,64,6.913504,0.0398,0.0333
Codex,b06c81ca.qasm,512,201.565529,0.0398,0.0300
Codex,b11883af.qasm,16,0.212971,0.0140,0.0460
Codex,b11883af.qasm,64,0.357365,0.0140,0.0337
Codex,b11883af.qasm,512,0.228228,0.0140,0.0421
Codex,b1ea1d60.qasm,16,0.204415,0.0044,0.0430
Codex,b1ea1d60.qasm,64,4.763714,0.0044,0.0335
Codex,b1ea1d60.qasm,512,0.215193,0.0044,0.0309
Codex,b2346111.qasm,16,4168.396908,0.0559,0.0318
Codex,b2346111.qasm,64,3581.130653,0.0559,0.0323
Codex,b2346111.qasm,512,2466.008193,0.0559,0.0331
Codex,b38d732e.qasm,16,0.202154,0.0086,0.0310
Codex,b38d732e.qasm,64,0.292937,0.0086,0.0331
Codex,b38d732e.qasm,512,0.192682,0.0086,0.0335
Codex,b469b640.qasm,16,0.185655,0.0061,0.0400
Codex,b469b640.qasm,64,0.186098,0.0061,0.0300
Codex,b469b640.qasm,512,0.341557,0.0061,0.0318
Codex,b4976343.qasm,16,0.179509,0.0005,0.0327
Codex,b4976343.qasm,64,0.277532,0.0005,0.0425
Codex,b4976343.qasm,512,0.177850,0.0005,0.0334
Codex,b4c090da.qasm,16,0.180897,0.0003,0.0320
Codex,b4c090da.qasm,64,0.171679,0.0003,0.0402
Codex,b4c090da.qasm,512,0.186295,0.0003,0.0443
Codex,b5baa095.qasm,16,0.670969,0.0007,0.0456
Codex,b5baa095.qasm,64,3.018303,0.0007,0.0293
Codex,b5baa095.qasm,512,2.286445,0.0007,0.0586
Codex,b5be0645.qasm,16,14400.000000,0.3824,0.0459
Codex,b5be0645.qasm,64,14388.203861,0.3824,0.0335
Codex,b5be0645.qasm,512,846.509830,0.3824,0.0326
Codex,b601af0f.qasm,16,0.183426,0.0030,0.0317
Codex,b601af0f.qasm,64,0.271155,0.0030,0.0315
Codex,b601af0f.qasm,512,0.187284,0.0030,0.0415
Codex,b630efea.qasm,16,1.194180,0.0277,0.0302
Codex,b630efea.qasm,64,4.153514,0.0277,0.0424
Codex,b630efea.qasm,512,93.493024,0.0277,0.0305
Codex,b680d160.qasm,16,2.062854,0.0575,0.0429
Codex,b680d160.qasm,64,12.505023,0.0575,0.0452
Codex,b680d160.qasm,512,508.277584,0.0575,0.0431
Codex,b7694c8e.qasm,16,4.646871,0.0194,0.0589
Codex,b7694c8e.qasm,64,0.264654,0.0194,0.0590
Codex,b7694c8e.qasm,512,21.920386,0.0194,0.0335
Codex,b792cc98.qasm,16,0.175847,0.0002,0.0305
Codex,b792cc98.qasm,64,0.177028,0.0002,0.0582
Codex,b792cc98.qasm,512,0.173936,0.0002,0.0333
Codex,b97c72bf.qasm,16,0.212789,0.0013,0.0290
Codex,b97c72bf.qasm,64,0.302598,0.0013,0.0448
Codex,b97c72bf.qasm,512,0.205676,0.0013,0.0332
Codex,b9ba0e84.qasm,16,7.472084,0.0117,0.0314
Codex,b9ba0e84.qasm,64,23.234385,0.0117,0.0321
Codex,b9ba0e84.qasm,512,2042.404123,0.0117,0.0308
Codex,ba0c09b8.qasm,16,1.686439,0.0520,0.0577
Codex,ba0c09b8.qasm,64,10.520784,0.0520,0.0299
Codex,ba0c09b8.qasm,512,407.024649,0.0520,0.0434
Codex,bb291a8b.qasm,16,2.242991,0.0588,0.0283
Codex,bb291a8b.qasm,64,13.040162,0.0588,0.0461
Codex,bb291a8b.qasm,512,557.758235,0.0588,0.0321
Codex,bb50273f.qasm,16,376.957030,0.3990,0.0574
Codex,bb50273f.qasm,64,64.928384,0.3990,0.0321
Codex,bb50273f.qasm,512,450.574993,0.3990,0.0332
Codex,bc99b330.qasm,16,129.156020,0.3180,0.0575
Codex,bc99b330.qasm,64,186.079931,0.3180,0.0325
Codex,bc99b330.qasm,512,9218.257649,0.3180,0.0317
Codex,bc9dd950.qasm,16,1.109767,0.0220,0.0290
Codex,bc9dd950.qasm,64,2.569980,0.0220,0.0336
Codex,bc9dd950.qasm,512,34.292864,0.0220,0.0294
Codex,bd32080b.qasm,16,2976.460258,0.3466,0.0462
Codex,bd32080b.qasm,64,3240.966114,0.3466,0.0320
Codex,bd32080b.qasm,512,11709.862567,0.3466,0.0304
Codex,bd462bd7.qasm,16,7.926754,0.0541,0.0317
Codex,bd462bd7.qasm,64,0.202395,0.0541,0.0308
Codex,bd462bd7.qasm,512,59.783933,0.0541,0.0335
Codex,bdd2c3ff.qasm,16,9.854351,0.0234,0.0440
Codex,bdd2c3ff.qasm,64,60.485671,0.0234,0.0430
Codex,bdd2c3ff.qasm,512,2872.409355,0.0234,0.0319
Codex,be527b4d.qasm,16,249.132222,2.3690,0.0314
Codex,be527b4d.qasm,64,25.770290,2.3690,0.0562
Codex,be527b4d.qasm,512,592.145151,2.3690,0.0320
Codex,bf029799.qasm,16,1.793467,0.0511,0.0329
Codex,bf029799.qasm,64,9.989846,0.0511,0.0327
Codex,bf029799.qasm,512,373.957945,0.0511,0.0423
Codex,bf0f8df9.qasm,16,0.537963,0.0162,0.0462
Codex,bf0f8df9.qasm,64,1.364755,0.0162,0.0448
Codex,bf0f8df9.qasm,512,3.537531,0.0162,0.0315
Codex,bf9674e9.qasm,16,0.174841,0.0007,0.0316
Codex,bf9674e9.qasm,64,2.504108,0.0007,0.0310
Codex,bf9674e9.qasm,512,0.175013,0.0007,0.0301
Codex,c05aa9cf.qasm,16,3.070698,0.0878,0.0334
Codex,c05aa9cf.qasm,64,24.105224,0.0878,0.0336
Codex,c05aa9cf.qasm,512,709.291907,0.0878,0.0333
Codex,c0a1d157.qasm,16,0.232230,0.0051,0.0425
Codex,c0a1d157.qasm,64,3.686106,0.0051,0.0399
Codex,c0a1d157.qasm,512,0.229689,0.0051,0.0544
Codex,c0ffe57a.qasm,16,0.269875,0.0004,0.0305
Codex,c0ffe57a.qasm,64,0.238646,0.0004,0.0434
Codex,c0ffe57a.qasm,512,0.236302,0.0004,0.0456
Codex,c20bb346.qasm,16,0.410000,0.0295,0.0300
Codex,c20bb346.qasm,64,1.199721,0.0295,0.0335
Codex,c20bb346.qasm,512,0.422976,0.0295,0.0330
Codex,c246552a.qasm,16,3.864272,0.0179,0.0566
Codex,c246552a.qasm,64,0.450676,0.0179,0.0432
Codex,c246552a.qasm,512,777.074473,0.0179,0.0304
Codex,c39fa73b.qasm,16,0.177554,0.0002,0.0331
Codex,c39fa73b.qasm,64,0.165806,0.0002,0.0459
Codex,c39fa73b.qasm,512,0.173014,0.0002,0.0304
Codex,c3c0513f.qasm,16,0.205337,0.0013,0.0326
Codex,c3c0513f.qasm,64,0.177130,0.0013,0.0298
Codex,c3c0513f.qasm,512,0.198818,0.0013,0.0337
Codex,c40ecada.qasm,16,1.528784,0.0404,0.0450
Codex,c40ecada.qasm,64,6.939194,0.0404,0.0331
Codex,c40ecada.qasm,512,204.408366,0.0404,0.0332
Codex,c4c36286.qasm,16,1.738551,0.0496,0.0460
Codex,c4c36286.qasm,64,10.092689,0.0496,0.0440
Codex,c4c36286.qasm,512,403.477954,0.0496,0.0370
Codex,c4ff2c11.qasm,16,1.253962,0.0010,0.0436
Codex,c4ff2c11.qasm,64,4.228973,0.0010,0.0447
Codex,c4ff2c11.qasm,512,1.955731,0.0010,0.0287
Codex,c6678d16.qasm,16,662.758416,1.6995,0.0450
Codex,c6678d16.qasm,64,668.822803,1.6995,0.0443
Codex,c6678d16.qasm,512,14339.573972,1.6995,0.0441
Codex,c676cfb4.qasm,16,0.232083,0.0004,0.0620
Codex,c676cfb4.qasm,64,0.239047,0.0004,0.0663
Codex,c676cfb4.qasm,512,0.229818,0.0004,0.0607
Codex,c7670b0a.qasm,16,0.538286,0.0004,0.0613
Codex,c7670b0a.qasm,64,0.549667,0.0004,0.0453
Codex,c7670b0a.qasm,512,0.528048,0.0004,0.0453
Codex,c7a93f95.qasm,16,1.298322,0.0382,0.0322
Codex,c7a93f95.qasm,64,6.567981,0.0382,0.0457
Codex,c7a93f95.qasm,512,213.301011,0.0382,0.0620
Codex,c7bddf55.qasm,16,0.563160,0.0669,0.0728
Codex,c7bddf55.qasm,64,1.119214,0.0669,0.0339
Codex,c7bddf55.qasm,512,2.685902,0.0669,0.0316
Codex,c82bb473.qasm,16,1.298416,0.0358,0.0458
Codex,c82bb473.qasm,64,6.511455,0.0358,0.0315
Codex,c82bb473.qasm,512,211.312973,0.0358,0.0291
Codex,c84ad65b.qasm,16,1.073481,0.0295,0.0448
Codex,c84ad65b.qasm,64,4.250681,0.0295,0.0317
Codex,c84ad65b.qasm,512,95.924097,0.0295,0.0317
Codex,c8afe1ad.qasm,16,0.174762,0.0003,0.0308
Codex,c8afe1ad.qasm,64,0.803299,0.0003,0.0436
Codex,c8afe1ad.qasm,512,0.253906,0.0003,0.0436
Codex,c945995d.qasm,16,1.638109,0.0446,0.0471
Codex,c945995d.qasm,64,8.875471,0.0446,0.0302
Codex,c945995d.qasm,512,341.351469,0.0446,0.0417
Codex,c95f41f8.qasm,16,0.186471,0.0002,0.0335
Codex,c95f41f8.qasm,64,0.368578,0.0002,0.0312
Codex,c95f41f8.qasm,512,0.186306,0.0002,0.0434
Codex,c96fe790.qasm,16,175.428325,0.2030,0.0466
Codex,c96fe790.qasm,64,26.522678,0.2030,0.0335
Codex,c96fe790.qasm,512,168.696747,0.2030,0.0423
Codex,c999af32.qasm,16,1.133181,0.0307,0.0333
Codex,c999af32.qasm,64,5.128697,0.0307,0.0327
Codex,c999af32.qasm,512,143.918288,0.0307,0.0333
Codex,ca0a2ce5.qasm,16,3.287478,0.0175,0.0317
Codex,ca0a2ce5.qasm,64,0.167581,0.0175,0.0336
Codex,ca0a2ce5.qasm,512,19.820898,0.0175,0.0296
Codex,ca634f4d.qasm,16,1.106269,0.0200,0.0424
Codex,ca634f4d.qasm,64,2.291476,0.0200,0.0318
Codex,ca634f4d.qasm,512,23.070708,0.0200,0.0427
Codex,ca8c6d9a.qasm,16,2.190417,0.0586,0.0598
Codex,ca8c6d9a.qasm,64,12.585090,0.0586,0.0445
Codex,ca8c6d9a.qasm,512,479.409197,0.0586,0.0428
Codex,ca980007.qasm,16,1.296416,0.0351,0.0287
Codex,ca980007.qasm,64,6.514190,0.0351,0.0407
Codex,ca980007.qasm,512,207.147969,0.0351,0.0406
Codex,cab2b6e9.qasm,16,1.529610,0.0393,0.0318
Codex,cab2b6e9.qasm,64,6.855623,0.0393,0.0493
Codex,cab2b6e9.qasm,512,200.355136,0.0393,0.0431
Codex,cb2b300f.qasm,16,1.653777,0.0439,0.0446
Codex,cb2b300f.qasm,64,9.000459,0.0439,0.0323
Codex,cb2b300f.qasm,512,340.193250,0.0439,0.0330
Codex,cc5bc6eb.qasm,16,0.227238,0.0009,0.0419
Codex,cc5bc6eb.qasm,64,1.385859,0.0009,0.0515
Codex,cc5bc6eb.qasm,512,0.226987,0.0009,0.0457
Codex,ccfd978a.qasm,16,50.092367,0.7207,0.0543
Codex,ccfd978a.qasm,64,3.067097,0.7207,0.0333
Codex,ccfd978a.qasm,512,2088.581682,0.7207,0.0332
Codex,cd51d9b8.qasm,16,1.748025,0.0525,0.0317
Codex,cd51d9b8.qasm,64,12.180567,0.0525,0.0564
Codex,cd51d9b8.qasm,512,573.360032,0.0525,0.0336
Codex,cd592018.qasm,16,2.346820,0.0661,0.0605
Codex,cd592018.qasm,64,16.248116,0.0661,0.0430
Codex,cd592018.qasm,512,652.654613,0.0661,0.0442
Codex,cd5b55b6.qasm,16,0.221553,0.0004,0.0430
Codex,cd5b55b6.qasm,64,0.194443,0.0004,0.0321
Codex,cd5b55b6.qasm,512,0.214278,0.0004,0.0311
Codex,ce4f4dde.qasm,16,0.188286,0.0025,0.0319
Codex,ce4f4dde.qasm,64,4.101777,0.0025,0.0313
Codex,ce4f4dde.qasm,512,0.185188,0.0025,0.0428
Codex,ce7207a3.qasm,16,3.290398,0.0177,0.0426
Codex,ce7207a3.qasm,64,0.181900,0.0177,0.0652
Codex,ce7207a3.qasm,512,21.324966,0.0177,0.0663
Codex,cee426fe.qasm,16,77.973070,0.0676,0.0440
Codex,cee426fe.qasm,64,118.724378,0.0676,0.0409
Codex,cee426fe.qasm,512,8648.621517,0.0676,0.0455
Codex,cf2c4cc9.qasm,16,0.181913,0.0004,0.0564
Codex,cf2c4cc9.qasm,64,0.320336,0.0004,0.0303
Codex,cf2c4cc9.qasm,512,0.174816,0.0004,0.0332
Codex,cf5bfeb1.qasm,16,2.258546,0.0611,0.0318
Codex,cf5bfeb1.qasm,64,13.021267,0.0611,0.0314
Codex,cf5bfeb1.qasm,512,434.801130,0.0611,0.0332
Codex,d168a391.qasm,16,0.184921,0.0026,0.0333
Codex,d168a391.qasm,64,2.456365,0.0026,0.0522
Codex,d168a391.qasm,512,0.173541,0.0026,0.0407
Codex,d20d9d2e.qasm,16,7.875806,0.0541,0.0433
Codex,d20d9d2e.qasm,64,0.206470,0.0541,0.0334
Codex,d20d9d2e.qasm,512,59.306134,0.0541,0.0325
Codex,d21812d8.qasm,16,6.259766,0.0493,0.0315
Codex,d21812d8.qasm,64,0.178334,0.0493,0.0299
Codex,d21812d8.qasm,512,39.005616,0.0493,0.0438
Codex,d2ffaf7e.qasm,16,0.217533,0.0012,0.0591
Codex,d2ffaf7e.qasm,64,2.548414,0.0012,0.0314
Codex,d2ffaf7e.qasm,512,0.227675,0.0012,0.0435
Codex,d3f98c63.qasm,16,2.232427,0.0615,0.0467
Codex,d3f98c63.qasm,64,13.037395,0.0615,0.0331
Codex,d3f98c63.qasm,512,561.875563,0.0615,0.0315
Codex,d3f998bc.qasm,16,1.712324,0.0509,0.0418
Codex,d3f998bc.qasm,64,12.210252,0.0509,0.0311
Codex,d3f998bc.qasm,512,467.888146,0.0509,0.0423
Codex,d49ba491.qasm,16,1.027164,0.0298,0.0464
Codex,d49ba491.qasm,64,4.321185,0.0298,0.0399
Codex,d49ba491.qasm,512,96.297533,0.0298,0.0442
Codex,d4a7f2c7.qasm,16,0.566237,0.0155,0.0430
Codex,d4a7f2c7.qasm,64,1.117883,0.0155,0.0310
Codex,d4a7f2c7.qasm,512,2.687441,0.0155,0.0310
Codex,d706049b.qasm,16,0.239597,0.0005,0.0326
Codex,d706049b.qasm,64,1.768494,0.0005,0.0315
Codex,d706049b.qasm,512,1.672764,0.0005,0.0445
Codex,d70a0bd6.qasm,16,394.174998,2.9026,0.0517
Codex,d70a0bd6.qasm,64,62.645409,2.9026,0.0309
Codex,d70a0bd6.qasm,512,12056.131157,2.9026,0.0412
Codex,d7fe8918.qasm,16,141.978098,0.0077,0.0298
Codex,d7fe8918.qasm,64,106.846487,0.0077,0.0309
Codex,d7fe8918.qasm,512,117.881580,0.0077,0.0432
Codex,d87e1b4b.qasm,16,0.196278,0.0053,0.0445
Codex,d87e1b4b.qasm,64,8.807414,0.0053,0.0445
Codex,d87e1b4b.qasm,512,0.197966,0.0053,0.0448
Codex,d9b603b5.qasm,16,1.242316,0.0253,0.0459
Codex,d9b603b5.qasm,64,3.421058,0.0253,0.0557
Codex,d9b603b5.qasm,512,70.308902,0.0253,0.0330
Codex,d9c77e07.qasm,16,0.178931,0.0003,0.0448
Codex,d9c77e07.qasm,64,0.177975,0.0003,0.0536
Codex,d9c77e07.qasm,512,0.186096,0.0003,0.0388
Codex,da0e58a0.qasm,16,5.748928,0.0827,0.0571
Codex,da0e58a0.qasm,64,0.380596,0.0827,0.0450
Codex,da0e58a0.qasm,512,472.258586,0.0827,0.0322
Codex,da213329.qasm,16,2.126416,0.0564,0.0316
Codex,da213329.qasm,64,12.140413,0.0564,0.0443
Codex,da213329.qasm,512,494.146582,0.0564,0.0397
Codex,da3a2f77.qasm,16,2.358039,0.0776,0.0592
Codex,da3a2f77.qasm,64,18.107529,0.0776,0.0461
Codex,da3a2f77.qasm,512,780.367569,0.0776,0.0584
Codex,da4d0871.qasm,16,54.135977,0.7232,0.0320
Codex,da4d0871.qasm,64,3.436535,0.7232,0.0420
Codex,da4d0871.qasm,512,2267.885643,0.7232,0.0334
Codex,da505823.qasm,16,1.287550,0.0362,0.0437
Codex,da505823.qasm,64,6.537312,0.0362,0.0417
Codex,da505823.qasm,512,208.287212,0.0362,0.0328
Codex,da601912.qasm,16,127.303030,0.7068,0.0449
Codex,da601912.qasm,64,19.562502,0.7068,0.0311
Codex,da601912.qasm,512,7531.572690,0.7068,0.0438
Codex,dae23358.qasm,16,1.390461,0.0351,0.0305
Codex,dae23358.qasm,64,5.742834,0.0351,0.0414
Codex,dae23358.qasm,512,134.505690,0.0351,0.0335
Codex,db12c1f0.qasm,16,1.454471,0.0040,0.0462
Codex,db12c1f0.qasm,64,0.704097,0.0040,0.0425
Codex,db12c1f0.qasm,512,1.428147,0.0040,0.0338
Codex,db6ca211.qasm,16,0.302901,0.0087,0.0314
Codex,db6ca211.qasm,64,9.090682,0.0087,0.0321
Codex,db6ca211.qasm,512,0.299423,0.0087,0.0327
Codex,dbcc99b4.qasm,16,0.171411,0.0015,0.0321
Codex,dbcc99b4.qasm,64,1.063996,0.0015,0.0324
Codex,dbcc99b4.qasm,512,0.171718,0.0015,0.0317
Codex,dc86453a.qasm,16,64.204001,0.2987,0.0440
Codex,dc86453a.qasm,64,20.704515,0.2987,0.0324
Codex,dc86453a.qasm,512,303.047671,0.2987,0.0453
Codex,de690b52.qasm,16,1.210858,0.0276,0.0442
Codex,de690b52.qasm,64,4.169687,0.0276,0.0429
Codex,de690b52.qasm,512,92.354311,0.0276,0.0296
Codex,deb00fe1.qasm,16,0.192534,0.0008,0.0336
Codex,deb00fe1.qasm,64,0.476760,0.0008,0.0310
Codex,deb00fe1.qasm,512,0.222472,0.0008,0.0560
Codex,df1a7a89.qasm,16,14213.172941,0.1438,0.0623
Codex,df1a7a89.qasm,64,11093.178449,0.1438,0.0327
Codex,df1a7a89.qasm,512,13667.345638,0.1438,0.0335
Codex,df43c2c2.qasm,16,1.878679,0.0549,0.0448
Codex,df43c2c2.qasm,64,11.380083,0.0549,0.0494
Codex,df43c2c2.qasm,512,468.924851,0.0549,0.0413
Codex,df458745.qasm,16,1.629750,0.0427,0.0560
Codex,df458745.qasm,64,2.169828,0.0427,0.0422
Codex,df458745.qasm,512,1.683299,0.0427,0.0437
Codex,df75e229.qasm,16,2.293698,0.1752,0.0594
Codex,df75e229.qasm,64,16.210820,0.1752,0.0306
Codex,df75e229.qasm,512,634.914516,0.1752,0.0321
Codex,e10d312f.qasm,16,9.071076,0.1343,0.0332
Codex,e10d312f.qasm,64,8.264119,0.1343,0.0318
Codex,e10d312f.qasm,512,11.243385,0.1343,0.0337
Codex,e260fc6a.qasm,16,0.218754,0.0216,0.0590
Codex,e260fc6a.qasm,64,0.384766,0.0216,0.0427
Codex,e260fc6a.qasm,512,0.223972,0.0216,0.0587
Codex,e3863462.qasm,16,9.885706,0.0163,0.0495
Codex,e3863462.qasm,64,36.944570,0.0163,0.0323
Codex,e3863462.qasm,512,3329.324488,0.0163,0.0305
Codex,e3b97044.qasm,16,2.606450,0.0757,0.0450
Codex,e3b97044.qasm,64,18.343329,0.0757,0.0327
Codex,e3b97044.qasm,512,697.841854,0.0757,0.0404
Codex,e4a4359e.qasm,16,169.242309,2.1668,0.0440
Codex,e4a4359e.qasm,64,7.288125,2.1668,0.0544
Codex,e4a4359e.qasm,512,2900.662237,2.1668,0.0526
Codex,e4b50619.qasm,16,0.186020,0.0002,0.0406
Codex,e4b50619.qasm,64,0.263786,0.0002,0.0509
Codex,e4b50619.qasm,512,0.189456,0.0002,0.0585
Codex,e61acd2b.qasm,16,0.518786,0.0123,0.0601
Codex,e61acd2b.qasm,64,0.340324,0.0123,0.0633
Codex,e61acd2b.qasm,512,0.341191,0.0123,0.0572
Codex,e66c3381.qasm,16,2.193377,0.0597,0.0548
Codex,e66c3381.qasm,64,12.679510,0.0597,0.0446
Codex,e66c3381.qasm,512,524.689185,0.0597,0.0452
Codex,e698c12d.qasm,16,0.214276,0.0002,0.0580
Codex,e698c12d.qasm,64,0.174528,0.0002,0.0321
Codex,e698c12d.qasm,512,0.181098,0.0002,0.0320
Codex,e7296260.qasm,16,2.401635,0.0712,0.0329
Codex,e7296260.qasm,64,18.181329,0.0712,0.0297
Codex,e7296260.qasm,512,805.212930,0.0712,0.0438
Codex,e751ad87.qasm,16,6.204488,0.1500,0.0472
Codex,e751ad87.qasm,64,4.320827,0.1500,0.0558
Codex,e751ad87.qasm,512,6.192422,0.1500,0.0442
Codex,e7540ce6.qasm,16,3.139232,0.0880,0.0449
Codex,e7540ce6.qasm,64,25.989960,0.0880,0.0438
Codex,e7540ce6.qasm,512,1066.644341,0.0880,0.0524
Codex,e815593a.qasm,16,0.192009,0.0007,0.0295
Codex,e815593a.qasm,64,0.292214,0.0007,0.0467
Codex,e815593a.qasm,512,0.195610,0.0007,0.0442
Codex,e893b1a5.qasm,16,25.035109,0.3466,0.0413
Codex,e893b1a5.qasm,64,2.007686,0.3466,0.0326
Codex,e893b1a5.qasm,512,1540.431757,0.3466,0.0433
Codex,ea801020.qasm,16,176.670425,0.2151,0.0336
Codex,ea801020.qasm,64,21.797555,0.2151,0.0423
Codex,ea801020.qasm,512,160.506378,0.2151,0.0316
Codex,eb153d64.qasm,16,0.180375,0.0012,0.0309
Codex,eb153d64.qasm,64,4.744092,0.0012,0.0334
Codex,eb153d64.qasm,512,0.173369,0.0012,0.0327
Codex,ebb0ac17.qasm,16,1.255376,0.0021,0.0301
Codex,ebb0ac17.qasm,64,1.226678,0.0021,0.0435
Codex,ebb0ac17.qasm,512,1.807656,0.0021,0.0326
Codex,ebc18fd7.qasm,16,7.057537,0.0727,0.0309
Codex,ebc18fd7.qasm,64,2.474520,0.0727,0.0310
Codex,ebc18fd7.qasm,512,7.083930,0.0727,0.0282
Codex,ebc3e166.qasm,16,5359.263180,2.0135,0.0326
Codex,ebc3e166.qasm,64,717.114076,2.0135,0.0310
Codex,ebc3e166.qasm,512,11575.426341,2.0135,0.0421
Codex,ec70915a.qasm,16,1.112535,0.0039,0.0321
Codex,ec70915a.qasm,64,5.647246,0.0039,0.0288
Codex,ec70915a.qasm,512,211.375702,0.0039,0.0283
Codex,eca6fb66.qasm,16,2.060586,0.0574,0.0452
Codex,eca6fb66.qasm,64,12.483707,0.0574,0.0458
Codex,eca6fb66.qasm,512,509.759566,0.0574,0.0420
Codex,ed52defd.qasm,16,0.593036,0.0124,0.0337
Codex,ed52defd.qasm,64,0.450823,0.0124,0.0436
Codex,ed52defd.qasm,512,0.465482,0.0124,0.0333
Codex,eefd994e.qasm,16,2.238552,0.0603,0.0550
Codex,eefd994e.qasm,64,12.927938,0.0603,0.0432
Codex,eefd994e.qasm,512,561.091824,0.0603,0.0317
Codex,ef8d10d7.qasm,16,3.401103,0.0141,0.0457
Codex,ef8d10d7.qasm,64,0.397463,0.0141,0.0326
Codex,ef8d10d7.qasm,512,667.409907,0.0141,0.0316
Codex,efafd44f.qasm,16,4.268894,0.0007,0.0642
Codex,efafd44f.qasm,64,4.264138,0.0007,0.0660
Codex,efafd44f.qasm,512,4.454985,0.0007,0.0602
Codex,f030e083.qasm,16,15.241747,0.0226,0.0571
Codex,f030e083.qasm,64,60.895177,0.0226,0.0452
Codex,f030e083.qasm,512,4211.894871,0.0226,0.0450
Codex,f05a6196.qasm,16,175.192735,0.2124,0.0340
Codex,f05a6196.qasm,64,21.493612,0.2124,0.0317
Codex,f05a6196.qasm,512,159.223673,0.2124,0.0335
Codex,f0c5e28f.qasm,16,0.179375,0.0004,0.0318
Codex,f0c5e28f.qasm,64,0.171740,0.0004,0.0438
Codex,f0c5e28f.qasm,512,0.175998,0.0004,0.0459
Codex,f0e878db.qasm,16,2.425885,0.0237,0.0430
Codex,f0e878db.qasm,64,10.275061,0.0237,0.0455
Codex,f0e878db.qasm,512,332.371191,0.0237,0.0333
Codex,f0e91b40.qasm,16,2.135968,0.0103,0.0319
Codex,f0e91b40.qasm,64,4.075193,0.0103,0.0316
Codex,f0e91b40.qasm,512,299.790616,0.0103,0.0320
Codex,f1167cc3.qasm,16,1.400535,0.0351,0.0313
Codex,f1167cc3.qasm,64,5.710636,0.0351,0.0580
Codex,f1167cc3.qasm,512,134.639347,0.0351,0.0458
Codex,f163436d.qasm,16,0.200209,0.0002,0.0303
Codex,f163436d.qasm,64,0.208373,0.0002,0.0318
Codex,f163436d.qasm,512,0.205061,0.0002,0.0441
Codex,f1bcea54.qasm,16,1.873189,0.0523,0.0450
Codex,f1bcea54.qasm,64,10.685100,0.0523,0.0331
Codex,f1bcea54.qasm,512,442.296228,0.0523,0.0323
Codex,f27a09cf.qasm,16,0.174810,0.0021,0.0331
Codex,f27a09cf.qasm,64,9.877420,0.0021,0.0316
Codex,f27a09cf.qasm,512,0.220643,0.0021,0.0464
Codex,f2a5a67a.qasm,16,0.430319,0.0115,0.0334
Codex,f2a5a67a.qasm,64,0.350092,0.0115,0.0316
Codex,f2a5a67a.qasm,512,0.334082,0.0115,0.0432
Codex,f5398281.qasm,16,2.381480,0.0704,0.0436
Codex,f5398281.qasm,64,18.187912,0.0704,0.0443
Codex,f5398281.qasm,512,473.665168,0.0704,0.0325
Codex,f5aeb6f0.qasm,16,2.227536,0.0580,0.0328
Codex,f5aeb6f0.qasm,64,12.642889,0.0580,0.0334
Codex,f5aeb6f0.qasm,512,524.815211,0.0580,0.0414
Codex,f5d72dae.qasm,16,0.593426,0.0004,0.0334
Codex,f5d72dae.qasm,64,2.107533,0.0004,0.0306
Codex,f5d72dae.qasm,512,10.094215,0.0004,0.0440
Codex,f67ec297.qasm,16,1.384266,0.0410,0.0332
Codex,f67ec297.qasm,64,7.973877,0.0410,0.0426
Codex,f67ec297.qasm,512,285.907907,0.0410,0.0418
Codex,f7ff0727.qasm,16,0.187069,0.0002,0.0310
Codex,f7ff0727.qasm,64,0.176577,0.0002,0.0318
Codex,f7ff0727.qasm,512,0.181233,0.0002,0.0337
Codex,f8a38627.qasm,16,189.476769,0.4632,0.0425
Codex,f8a38627.qasm,64,246.885392,0.4632,0.0333
Codex,f8a38627.qasm,512,12641.359137,0.4632,0.0302
Codex,f8d235ae.qasm,16,0.195147,0.0005,0.0450
Codex,f8d235ae.qasm,64,0.226631,0.0005,0.0305
Codex,f8d235ae.qasm,512,0.219057,0.0005,0.0408
Codex,f98536e0.qasm,16,0.179646,0.0002,0.0424
Codex,f98536e0.qasm,64,0.168529,0.0002,0.0425
Codex,f98536e0.qasm,512,0.174015,0.0002,0.0582
Codex,f9fee41b.qasm,16,2.571837,0.0771,0.0310
Codex,f9fee41b.qasm,64,18.380801,0.0771,0.0332
Codex,f9fee41b.qasm,512,709.080288,0.0771,0.0470
Codex,fabdaac7.qasm,16,0.194096,0.0015,0.0413
Codex,fabdaac7.qasm,64,1.072057,0.0015,0.0573
Codex,fabdaac7.qasm,512,0.192005,0.0015,0.0553
Codex,fadf1f0d.qasm,16,172.057414,2.2024,0.0563
Codex,fadf1f0d.qasm,64,7.250769,2.2024,0.0319
Codex,fadf1f0d.qasm,512,2897.887652,2.2024,0.0316
Codex,fb107df5.qasm,16,16.147422,0.0012,0.0527
Codex,fb107df5.qasm,64,12.548976,0.0012,0.0413
Codex,fb107df5.qasm,512,17.331308,0.0012,0.0469
Codex,fb7e6eb0.qasm,16,3.743652,0.0027,0.0530
Codex,fb7e6eb0.qasm,64,12.921341,0.0027,0.0526
Codex,fb7e6eb0.qasm,512,571.243625,0.0027,0.0401
Codex,fb8a2851.qasm,16,0.175679,0.0008,0.0498
Codex,fb8a2851.qasm,64,1.234170,0.0008,0.0390
Codex,fb8a2851.qasm,512,0.180927,0.0008,0.0309
Codex,fb9223a1.qasm,16,0.181220,0.0003,0.0464
Codex,fb9223a1.qasm,64,0.169459,0.0003,0.0331
Codex,fb9223a1.qasm,512,0.184524,0.0003,0.0317
Codex,fb9be929.qasm,16,0.213918,0.0002,0.0335
Codex,fb9be929.qasm,64,0.190216,0.0002,0.0456
Codex,fb9be929.qasm,512,0.203502,0.0002,0.0315
Codex,fbcf0ea3.qasm,16,2.070246,0.0582,0.0463
Codex,fbcf0ea3.qasm,64,12.518304,0.0582,0.0460
Codex,fbcf0ea3.qasm,512,498.367176,0.0582,0.0410
Codex,fbdc2a1f.qasm,16,0.577959,0.0129,0.0442
Codex,fbdc2a1f.qasm,64,0.450481,0.0129,0.0447
Codex,fbdc2a1f.qasm,512,0.463731,0.0129,0.0430
Codex,fbe1d41c.qasm,16,0.210254,0.0005,0.0439
Codex,fbe1d41c.qasm,64,0.186371,0.0005,0.0302
Codex,fbe1d41c.qasm,512,0.208328,0.0005,0.0432
Codex,fc1ce5ab.qasm,16,62.523663,1.0618,0.0428
Codex,fc1ce5ab.qasm,64,3.384683,1.0618,0.0432
Codex,fc1ce5ab.qasm,512,2135.344757,1.0618,0.0428
Codex,fc330f35.qasm,16,1.881405,0.0552,0.0436
Codex,fc330f35.qasm,64,11.326095,0.0552,0.0327
Codex,fc330f35.qasm,512,463.598033,0.0552,0.0290
Codex,fc56714f.qasm,16,0.175433,0.0005,0.0450
Codex,fc56714f.qasm,64,0.179560,0.0005,0.0333
Codex,fc56714f.qasm,512,0.186593,0.0005,0.0323
Codex,fc5872f2.qasm,16,388.435781,2.7589,0.0323
Codex,fc5872f2.qasm,64,93.733380,2.7589,0.0335
Codex,fc5872f2.qasm,512,2243.369621,2.7589,0.0335
Codex,fc66bdd4.qasm,16,0.863719,0.0383,0.0441
Codex,fc66bdd4.qasm,64,1.365078,0.0383,0.0416
Codex,fc66bdd4.qasm,512,0.893763,0.0383,0.0321
Codex,fdf0b97e.qasm,16,1.997655,0.0551,0.0392
Codex,fdf0b97e.qasm,64,11.473663,0.0551,0.0333
Codex,fdf0b97e.qasm,512,437.889815,0.0551,0.0413
Codex,ffe82f32.qasm,16,0.212951,0.0003,0.0297
Codex,ffe82f32.qasm,64,1.220363,0.0003,0.0333
Codex,ffe82f32.qasm,512,1.438353,0.0003,0.0449
